"Date/Time","(9)","Shelf 1 H(23)","Shelf 1 T(23)","Shelf 2 H(24)","Shelf 2 T(24)","Shelf 3 H(25)","Shelf 3 T(25)","Shelf 4 H(26)","Shelf 4 T(26)","Shelf 5 H(27)","Shelf 5 T(27)","Shelf 6 H(28)","Shelf 6 T(28)","Relay 1(1)","Relay 2(2)","Relay 3(3)","Relay 4(4)","Relay 5(5)","Relay 6(6)","Reserved(7)","Fan(8)","11(10)","12(11)","21(12)","22(13)","31(14)","32(15)","41(16)","42(17)"
2015-9-11 0:2:42,33.66, 63.70, 24.20, 60.40, 24.50, 58.70, 25.20, 61.50, 25.30, 78.70, 22.40, 99.50, 24.40, "opened", "opened", "opened", "opened", "opened", "opened", "opened", "opened", 3.09, 2.09, -14.93, 3.65, -14.93, 4.10, -1.08, 1.92 
2015-9-11 0:7:43,33.97, 63.80, 24.20, 60.60, 24.50, 58.80, 25.10, 61.60, 25.30, 80.00, 22.40, 99.50, 24.40, "opened", "opened", "opened", "opened", "opened", "opened", "opened", "opened", 3.09, 2.08, -14.94, 3.65, -14.93, 4.10, -1.09, 1.92 
2015-9-11 0:12:43,33.69, 63.70, 24.10, 60.50, 24.50, 58.90, 25.10, 61.10, 25.20, 79.40, 22.40, 99.50, 24.40, "opened", "opened", "opened", "opened", "opened", "opened", "opened", "opened", 3.11, 2.09, -14.93, 3.65, -14.93, 4.09, -1.10, 1.91 
2015-9-11 0:17:45,33.28, 63.70, 24.10, 60.40, 24.40, 58.90, 25.00, 61.50, 25.20, 78.80, 22.40, 99.50, 24.40, "opened", "opened", "opened", "opened", "opened", "opened", "opened", "opened", 3.11, 2.07, -14.93, 3.65, -14.92, 4.10, -1.08, 1.92 
2015-9-11 0:22:45,32.67, 63.70, 24.00, 60.60, 24.30, 59.00, 25.00, 61.40, 25.20, 79.00, 22.30, 99.50, 24.40, "opened", "opened", "opened", "opened", "opened", "opened", "opened", "opened", 3.13, 2.10, -14.93, 3.65, -14.93, 4.10, -1.09, 1.91 
2015-9-11 0:27:47,32.19, 63.80, 24.00, 60.70, 24.30, 59.20, 24.90, 61.30, 25.20, 79.60, 22.30, 99.50, 24.40, "opened", "opened", "opened", "opened", "opened", "opened", "opened", "opened", 3.11, 2.09, -14.93, 3.65, -14.93, 4.10, -1.13, 1.92 
2015-9-11 0:32:47,31.65, 63.80, 24.00, 60.90, 24.30, 59.20, 24.90, 61.00, 25.10, 81.10, 22.30, 99.50, 24.40, "opened", "opened", "opened", "opened", "opened", "opened", "opened", "opened", 3.12, 2.09, -14.94, 3.64, -14.93, 4.09, -1.13, 1.91 
2015-9-11 0:37:49,31.24, 63.80, 24.00, 61.00, 24.20, 59.20, 24.80, 61.00, 25.10, 81.60, 22.30, 99.50, 24.30, "opened", "opened", "opened", "opened", "opened", "opened", "opened", "opened", 3.13, 2.09, -14.93, 3.64, -14.93, 4.07, -1.18, 1.90 
2015-9-11 0:42:49,30.96, 63.90, 24.00, 60.90, 24.10, 59.20, 24.80, 61.30, 25.10, 100.00, 22.40, 99.50, 24.30, "opened", "opened", "opened", "opened", "opened", "opened", "opened", "opened", 3.12, 2.09, -14.93, 3.65, -14.93, 4.10, -1.18, 1.91 
2015-9-11 0:47:51,30.48, 63.90, 24.00, 61.10, 24.10, 59.30, 24.70, 61.60, 25.00, 81.80, 22.30, 99.50, 24.30, "opened", "opened", "opened", "opened", "opened", "opened", "opened", "opened", 3.14, 2.08, -14.93, 3.64, -14.93, 4.08, -1.21, 1.91 
2015-9-11 0:52:51,30.08, 63.90, 24.00, 61.30, 24.10, 59.30, 24.70, 61.50, 25.00, 82.40, 22.30, 99.50, 24.30, "opened", "opened", "opened", "opened", "opened", "opened", "opened", "opened", 3.13, 2.07, -14.93, 3.63, -14.93, 4.08, -1.21, 1.91 
2015-9-11 0:57:52,29.85, 63.90, 24.00, 61.20, 24.00, 59.20, 24.60, 61.60, 24.90, 82.60, 22.30, 99.50, 24.30, "opened", "opened", "opened", "opened", "opened", "opened", "opened", "opened", 3.13, 2.08, -14.93, 3.63, -14.92, 4.08, -1.25, 1.90 
2015-9-11 1:2:52,29.59, 63.90, 23.90, 61.20, 23.90, 59.30, 24.60, 61.80, 24.90, 82.20, 22.30, 99.50, 24.30, "opened", "opened", "opened", "opened", "opened", "opened", "opened", "opened", 3.14, 2.07, -14.94, 3.63, -14.94, 4.07, -1.31, 1.90 
2015-9-11 1:7:54,29.28, 63.90, 23.90, 61.30, 23.90, 59.30, 24.60, 62.30, 24.90, 81.20, 22.30, 99.50, 24.30, "opened", "opened", "opened", "opened", "opened", "opened", "opened", "opened", 3.17, 2.09, -14.92, 3.63, -14.92, 4.09, -1.32, 1.91 
2015-9-11 1:12:54,29.12, 63.90, 23.90, 61.40, 23.80, 59.40, 24.50, 61.80, 24.80, 81.50, 22.20, 99.50, 24.30, "opened", "opened", "opened", "opened", "opened", "opened", "opened", "opened", 3.14, 2.08, -14.93, 3.63, -14.93, 4.06, -1.36, 1.89 
2015-9-11 1:17:56,28.81, 64.00, 23.90, 61.70, 23.80, 59.50, 24.50, 61.90, 24.80, 80.80, 22.30, 99.50, 24.30, "opened", "opened", "opened", "opened", "opened", "opened", "opened", "opened", 3.13, 2.10, -14.94, 3.63, -14.93, 4.07, -1.34, 1.90 
2015-9-11 1:22:57,28.69, 64.00, 23.90, 61.80, 23.80, 59.60, 24.50, 62.00, 24.80, 81.20, 22.20, 99.50, 24.20, "opened", "opened", "opened", "opened", "opened", "opened", "opened", "opened", 3.14, 2.09, -14.93, 3.63, -14.92, 4.08, -1.31, 1.90 
2015-9-11 1:27:59,28.49, 64.00, 23.90, 62.00, 23.70, 59.60, 24.50, 62.40, 24.70, 80.50, 22.20, 99.50, 24.20, "opened", "opened", "opened", "opened", "opened", "opened", "opened", "opened", 3.13, 2.08, -14.93, 3.63, -14.92, 4.07, -1.30, 1.90 
2015-9-11 1:32:59,28.25, 64.00, 23.90, 62.10, 23.70, 59.70, 24.50, 62.10, 24.70, 80.10, 22.20, 99.50, 24.20, "opened", "opened", "opened", "opened", "opened", "opened", "opened", "opened", 3.13, 2.08, -14.92, 3.62, -14.92, 4.07, -1.30, 1.89 
2015-9-11 1:38:0,28.10, 64.00, 23.80, 62.00, 23.70, 59.70, 24.40, 62.40, 24.70, 80.60, 22.10, 99.50, 24.20, "opened", "opened", "opened", "opened", "opened", "opened", "opened", "opened", 3.11, 2.07, -14.93, 3.62, -14.93, 4.06, -1.36, 1.89 
2015-9-11 1:43:0,27.98, 64.10, 23.80, 62.30, 23.60, 59.70, 24.40, 62.50, 24.60, 80.70, 22.10, 99.50, 24.20, "opened", "opened", "opened", "opened", "opened", "opened", "opened", "opened", 3.12, 2.08, -14.93, 3.62, -14.94, 4.06, -1.30, 1.89 
2015-9-11 1:48:2,27.93, 64.00, 23.80, 62.40, 23.50, 59.80, 24.40, 63.00, 24.60, 81.10, 22.10, 99.50, 24.20, "opened", "opened", "opened", "opened", "opened", "opened", "opened", "opened", 3.13, 2.08, -14.93, 3.61, -14.93, 4.08, -1.28, 1.89 
2015-9-11 1:53:2,27.71, 64.00, 23.80, 62.60, 23.60, 59.80, 24.40, 62.40, 24.60, 81.20, 22.00, 99.50, 24.20, "opened", "opened", "opened", "opened", "opened", "opened", "opened", "opened", 3.12, 2.08, -14.93, 3.61, -14.93, 4.06, -1.29, 1.89 
2015-9-11 1:58:4,27.60, 64.00, 23.80, 62.50, 23.50, 59.90, 24.30, 62.70, 24.50, 81.30, 22.00, 99.50, 24.10, "opened", "opened", "opened", "opened", "opened", "opened", "opened", "opened", 3.13, 2.08, -14.94, 3.61, -14.93, 4.06, -1.28, 1.88 
2015-9-11 2:3:4,27.53, 64.00, 23.80, 62.60, 23.50, 59.90, 24.30, 62.50, 24.50, 81.30, 22.00, 99.50, 24.10, "opened", "opened", "opened", "opened", "opened", "opened", "opened", "opened", 3.11, 2.08, -14.94, 3.61, -14.94, 4.07, -1.27, 1.89 
2015-9-11 2:8:6,27.50, 64.00, 23.80, 62.80, 23.50, 59.90, 24.30, 62.70, 24.50, 81.40, 22.00, 99.50, 24.10, "opened", "opened", "opened", "opened", "opened", "opened", "opened", "opened", 3.12, 2.09, -14.93, 3.61, -14.93, 4.06, -1.28, 1.88 
2015-9-11 2:13:6,27.25, 64.00, 23.80, 62.80, 23.40, 59.90, 24.30, 62.50, 24.40, 81.40, 22.00, 99.50, 24.10, "opened", "opened", "opened", "opened", "opened", "opened", "opened", "opened", 3.10, 2.09, -14.93, 3.61, -14.94, 4.05, -1.27, 1.88 
2015-9-11 2:18:8,27.17, 64.00, 23.80, 62.90, 23.40, 59.90, 24.20, 63.00, 24.40, 82.00, 22.00, 99.50, 24.10, "opened", "opened", "opened", "opened", "opened", "opened", "opened", "opened", 3.10, 2.09, -14.93, 3.61, -14.93, 4.08, -1.25, 1.89 
2015-9-11 2:23:8,27.06, 63.90, 23.80, 63.00, 23.40, 60.10, 24.30, 63.20, 24.40, 81.70, 21.90, 99.50, 24.10, "opened", "opened", "opened", "opened", "opened", "opened", "opened", "opened", 3.11, 2.10, -14.92, 3.60, -14.93, 4.06, -1.28, 1.88 
2015-9-11 2:28:9,26.98, 63.90, 23.80, 63.20, 23.40, 59.90, 24.20, 63.20, 24.40, 82.00, 21.90, 99.50, 24.10, "opened", "opened", "opened", "opened", "opened", "opened", "opened", "opened", 3.11, 2.09, -14.93, 3.60, -14.93, 4.06, -1.30, 1.88 
2015-9-11 2:33:9,26.94, 63.80, 23.70, 63.10, 23.30, 60.00, 24.20, 63.40, 24.40, 81.90, 21.90, 99.50, 24.10, "opened", "opened", "opened", "opened", "opened", "opened", "opened", "opened", 3.11, 2.09, -14.93, 3.59, -14.94, 4.06, -1.32, 1.88 
2015-9-11 2:38:11,26.81, 63.80, 23.70, 63.20, 23.30, 60.00, 24.20, 63.30, 24.40, 81.90, 21.90, 99.50, 24.10, "opened", "opened", "opened", "opened", "opened", "opened", "opened", "opened", 3.11, 2.09, -14.94, 3.59, -14.93, 4.06, -1.32, 1.88 
2015-9-11 2:43:11,26.72, 63.80, 23.70, 63.50, 23.30, 59.90, 24.20, 63.70, 24.30, 82.00, 21.90, 99.50, 24.00, "opened", "opened", "opened", "opened", "opened", "opened", "opened", "opened", 3.12, 2.09, -14.92, 3.59, -14.93, 4.07, -1.30, 1.88 
2015-9-11 2:48:13,26.72, 63.90, 23.70, 63.80, 23.20, 60.00, 24.10, 63.70, 24.30, 82.10, 21.90, 99.50, 24.00, "opened", "opened", "opened", "opened", "opened", "opened", "opened", "opened", 3.11, 2.09, -14.93, 3.59, -14.93, 4.05, -1.32, 1.88 
2015-9-11 2:53:13,26.57, 63.80, 23.70, 63.50, 23.20, 60.10, 24.10, 63.80, 24.30, 82.40, 21.90, 99.50, 24.00, "opened", "opened", "opened", "opened", "opened", "opened", "opened", "opened", 3.09, 2.10, -14.93, 3.59, -14.94, 4.07, -1.32, 1.88 
2015-9-11 2:58:15,26.51, 63.90, 23.70, 63.70, 23.20, 60.10, 24.10, 63.80, 24.30, 82.10, 21.80, 99.50, 24.00, "opened", "opened", "opened", "opened", "opened", "opened", "opened", "opened", 3.10, 2.09, -14.93, 3.59, -14.93, 4.07, -1.31, 1.88 
2015-9-11 3:3:15,26.51, 63.90, 23.70, 63.80, 23.20, 60.10, 24.10, 64.30, 24.30, 82.20, 21.80, 99.50, 24.00, "opened", "opened", "opened", "opened", "opened", "opened", "opened", "opened", 3.09, 2.09, -14.93, 3.59, -14.93, 4.08, -1.27, 1.89 
2015-9-11 3:8:16,26.45, 63.80, 23.70, 63.60, 23.10, 60.20, 24.10, 64.40, 24.20, 82.30, 21.80, 99.50, 24.00, "opened", "opened", "opened", "opened", "opened", "opened", "opened", "opened", 3.08, 2.09, -14.93, 3.59, -14.92, 4.09, -1.30, 1.88 
2015-9-11 3:13:16,26.33, 63.90, 23.60, 63.70, 23.10, 60.20, 24.10, 64.90, 24.20, 82.30, 21.80, 99.50, 24.00, "opened", "opened", "opened", "opened", "opened", "opened", "opened", "opened", 3.10, 2.09, -14.93, 3.58, -14.92, 4.08, -1.30, 1.88 
2015-9-11 3:18:19,26.31, 63.90, 23.60, 63.70, 23.10, 60.10, 24.00, 64.60, 24.20, 82.30, 21.80, 99.50, 24.00, "opened", "opened", "opened", "opened", "opened", "opened", "opened", "opened", 3.08, 2.10, -14.92, 3.58, -14.93, 4.09, -1.30, 1.88 
2015-9-11 3:23:19,26.27, 63.90, 23.60, 64.30, 23.10, 60.10, 24.00, 65.10, 24.20, 82.50, 21.70, 99.50, 24.00, "opened", "opened", "opened", "opened", "opened", "opened", "opened", "opened", 3.08, 2.09, -14.93, 3.57, -14.93, 4.08, -1.30, 1.88 
2015-9-11 3:28:20,26.27, 63.90, 23.60, 64.00, 23.10, 60.30, 24.00, 65.30, 24.10, 82.20, 21.70, 99.50, 24.00, "opened", "opened", "opened", "opened", "opened", "opened", "opened", "opened", 3.11, 2.18, -14.92, 3.57, -14.92, 4.10, -1.30, 1.88 
2015-9-11 3:33:20,26.18, 63.80, 23.60, 64.80, 23.10, 60.20, 24.00, 65.70, 24.10, 82.10, 21.70, 99.50, 24.00, "opened", "opened", "opened", "opened", "opened", "opened", "opened", "opened", 3.08, 2.16, -14.93, 3.57, -14.92, 4.09, -1.33, 1.87 
2015-9-11 3:38:22,26.14, 63.90, 23.60, 64.50, 23.00, 60.40, 24.00, 65.80, 24.10, 82.80, 21.70, 99.50, 23.90, "opened", "opened", "opened", "opened", "opened", "opened", "opened", "opened", 3.06, 2.08, -14.93, 3.57, -14.92, 4.07, -1.34, 1.87 
2015-9-11 3:43:22,26.08, 63.90, 23.60, 64.20, 23.00, 60.50, 24.00, 66.10, 24.10, 82.60, 21.70, 99.50, 23.90, "opened", "opened", "opened", "opened", "opened", "opened", "opened", "opened", 3.07, 2.08, -14.94, 3.57, -14.93, 4.06, -1.37, 1.87 
2015-9-11 3:48:25,26.02, 63.90, 23.60, 64.70, 23.00, 60.40, 24.00, 66.30, 24.00, 82.70, 21.60, 99.50, 23.90, "opened", "opened", "opened", "opened", "opened", "opened", "opened", "opened", 3.09, 2.23, -14.94, 3.57, -14.93, 4.07, -1.38, 1.87 
2015-9-11 3:53:25,25.99, 63.80, 23.50, 64.70, 23.00, 60.50, 23.90, 66.30, 24.00, 82.90, 21.60, 99.50, 23.90, "opened", "opened", "opened", "opened", "opened", "opened", "opened", "opened", 3.05, 2.27, -14.93, 3.57, -14.93, 4.08, -1.40, 1.87 
2015-9-11 3:58:27,25.85, 63.80, 23.50, 64.90, 23.00, 60.60, 23.90, 66.30, 24.00, 82.80, 21.60, 99.50, 23.90, "opened", "opened", "opened", "opened", "opened", "opened", "opened", "opened", 3.07, 2.09, -14.93, 3.57, -14.93, 4.09, -1.38, 1.88 
2015-9-11 4:3:27,25.87, 64.00, 23.60, 65.20, 22.90, 60.70, 23.90, 65.70, 24.00, 82.70, 21.60, 99.50, 23.90, "opened", "opened", "opened", "opened", "opened", "opened", "opened", "opened", 3.07, 2.08, -14.93, 3.57, -14.93, 4.07, -1.39, 1.87 
2015-9-11 4:8:28,25.74, 63.80, 23.50, 65.30, 22.90, 60.70, 23.90, 65.60, 24.00, 82.60, 21.60, 99.50, 23.90, "opened", "opened", "opened", "opened", "opened", "opened", "opened", "opened", 3.05, 2.07, -14.93, 3.56, -14.93, 4.07, -1.40, 1.87 
2015-9-11 4:13:28,25.85, 63.90, 23.50, 65.70, 22.90, 60.70, 23.90, 66.30, 24.00, 82.80, 21.50, 99.50, 23.90, "opened", "opened", "opened", "opened", "opened", "opened", "opened", "opened", 3.01, 2.07, -14.95, 3.55, -14.94, 4.06, -1.43, 1.86 
2015-9-11 4:18:30,25.75, 63.90, 23.50, 65.70, 22.90, 60.80, 23.90, 65.20, 24.00, 82.50, 21.50, 99.50, 23.90, "opened", "opened", "opened", "opened", "opened", "opened", "opened", "opened", 3.04, 2.07, -14.93, 3.55, -14.93, 4.07, -1.44, 1.87 
2015-9-11 4:23:30,25.80, 64.00, 23.50, 65.70, 22.90, 60.80, 23.80, 64.80, 24.00, 81.70, 21.50, 99.50, 23.90, "opened", "opened", "opened", "opened", "opened", "opened", "opened", "opened", 3.05, 2.07, -14.93, 3.55, -14.93, 4.09, -1.41, 1.87 
2015-9-11 4:28:32,25.69, 63.90, 23.50, 65.60, 22.90, 60.80, 23.80, 65.30, 23.90, 81.70, 21.50, 99.50, 23.90, "opened", "opened", "opened", "opened", "opened", "opened", "opened", "opened", 3.03, 2.07, -14.93, 3.55, -14.92, 4.06, -1.43, 1.87 
2015-9-11 4:33:32,25.70, 63.90, 23.50, 65.90, 22.90, 60.50, 23.80, 64.40, 23.90, 81.90, 21.50, 99.50, 23.80, "opened", "opened", "opened", "opened", "opened", "opened", "opened", "opened", 3.04, 2.07, -14.93, 3.55, -14.92, 4.08, -1.43, 1.86 
2015-9-11 4:38:34,25.70, 64.00, 23.50, 65.60, 22.80, 61.00, 23.80, 66.30, 23.90, 82.10, 21.50, 99.50, 23.80, "opened", "opened", "opened", "opened", "opened", "opened", "opened", "opened", 3.02, 2.07, -14.93, 3.55, -14.93, 4.06, -1.45, 1.86 
2015-9-11 4:43:34,25.66, 63.90, 23.40, 66.00, 22.90, 61.00, 23.80, 65.40, 23.90, 81.70, 21.40, 99.50, 23.80, "opened", "opened", "opened", "opened", "opened", "opened", "opened", "opened", 3.04, 2.07, -14.93, 3.56, -14.93, 4.07, -1.45, 1.86 
2015-9-11 4:48:35,25.62, 64.00, 23.50, 66.30, 22.80, 61.10, 23.80, 65.90, 23.90, 82.70, 21.40, 99.50, 23.80, "opened", "opened", "opened", "opened", "opened", "opened", "opened", "opened", 3.02, 2.07, -14.93, 3.55, -14.93, 4.08, -1.45, 1.87 
2015-9-11 4:53:35,25.57, 63.90, 23.50, 66.10, 22.80, 61.00, 23.80, 65.70, 23.80, 82.30, 21.40, 99.50, 23.80, "opened", "opened", "opened", "opened", "opened", "opened", "opened", "opened", 3.03, 2.06, -14.93, 3.54, -14.92, 4.06, -1.46, 1.85 
2015-9-11 4:58:37,25.61, 64.00, 23.40, 66.70, 22.80, 61.00, 23.70, 65.70, 23.80, 82.20, 21.40, 99.50, 23.80, "opened", "opened", "opened", "opened", "opened", "opened", "opened", "opened", 3.03, 2.06, -14.94, 3.54, -14.93, 4.06, -1.46, 1.86 
2015-9-11 5:3:37,25.57, 64.00, 23.40, 66.50, 22.80, 61.10, 23.80, 65.60, 23.80, 82.70, 21.30, 99.50, 23.80, "opened", "opened", "opened", "opened", "opened", "opened", "opened", "opened", 3.02, 2.06, -14.93, 3.54, -14.92, 4.07, -1.46, 1.85 
2015-9-11 5:8:39,25.48, 64.00, 23.40, 67.00, 22.80, 61.50, 23.70, 65.90, 23.80, 82.20, 21.30, 99.50, 23.80, "opened", "opened", "opened", "opened", "opened", "opened", "opened", "opened", 3.02, 2.07, -14.93, 3.54, -14.93, 4.08, -1.42, 1.87 
2015-9-11 5:13:39,25.52, 64.10, 23.40, 67.00, 22.80, 61.30, 23.70, 66.00, 23.80, 83.60, 21.30, 99.50, 23.80, "opened", "opened", "opened", "opened", "opened", "opened", "opened", "opened", 3.01, 2.07, -14.94, 3.54, -14.93, 4.08, -1.45, 1.86 
2015-9-11 5:18:41,25.45, 64.20, 23.40, 67.20, 22.80, 61.20, 23.70, 66.90, 23.80, 83.40, 21.30, 99.50, 23.80, "opened", "opened", "opened", "opened", "opened", "opened", "opened", "opened", 3.02, 2.07, -14.93, 3.54, -14.93, 4.07, -1.50, 1.86 
2015-9-11 5:23:41,25.46, 64.10, 23.40, 66.60, 22.70, 61.20, 23.70, 67.60, 23.70, 83.00, 21.30, 99.50, 23.70, "opened", "opened", "opened", "opened", "opened", "opened", "opened", "opened", 2.99, 2.06, -14.94, 3.54, -14.93, 4.06, -1.51, 1.86 
2015-9-11 5:28:43,25.46, 64.10, 23.40, 67.60, 22.70, 61.20, 23.70, 67.20, 23.70, 84.10, 21.30, 99.50, 23.70, "opened", "opened", "opened", "opened", "opened", "opened", "opened", "opened", 3.01, 2.07, -14.93, 3.54, -14.92, 4.07, -1.52, 1.87 
2015-9-11 5:33:43,25.38, 64.20, 23.40, 67.10, 22.70, 61.60, 23.70, 66.80, 23.70, 84.90, 21.20, 99.50, 23.80, "opened", "opened", "opened", "opened", "opened", "opened", "opened", "opened", 3.03, 2.07, -14.93, 3.53, -14.92, 4.07, -1.57, 1.85 
2015-9-11 5:38:44,25.38, 64.20, 23.40, 67.30, 22.70, 61.30, 23.70, 66.40, 23.70, 84.90, 21.20, 99.50, 23.70, "opened", "opened", "opened", "opened", "opened", "opened", "opened", "opened", 3.00, 2.06, -14.94, 3.54, -14.93, 4.07, -1.57, 1.85 
2015-9-11 5:43:45,25.39, 64.20, 23.40, 67.60, 22.70, 61.40, 23.60, 67.10, 23.60, 85.40, 21.20, 99.50, 23.70, "opened", "opened", "opened", "opened", "opened", "opened", "opened", "opened", 3.01, 2.07, -14.93, 3.53, -14.93, 4.06, -1.55, 1.85 
2015-9-11 5:48:46,25.42, 64.20, 23.40, 67.40, 22.70, 61.60, 23.60, 66.50, 23.60, 86.60, 21.20, 99.50, 23.70, "opened", "opened", "opened", "opened", "opened", "opened", "opened", "opened", 3.00, 2.07, -14.94, 3.53, -14.93, 4.06, -1.55, 1.85 
2015-9-11 5:53:47,25.37, 64.20, 23.30, 67.60, 22.70, 61.60, 23.60, 66.60, 23.60, 87.30, 21.20, 99.50, 23.70, "opened", "opened", "opened", "opened", "opened", "opened", "opened", "opened", 3.00, 2.07, -14.93, 3.53, -14.93, 4.07, -1.57, 1.85 
2015-9-11 5:58:49,25.26, 64.10, 23.30, 68.00, 22.70, 61.50, 23.60, 67.10, 23.60, 88.60, 21.10, 99.50, 23.70, "opened", "opened", "opened", "opened", "opened", "opened", "opened", "opened", 3.01, 2.07, -14.93, 3.53, -14.92, 4.06, -1.58, 1.86 
2015-9-11 6:3:49,25.20, 64.10, 23.30, 68.00, 22.70, 61.30, 23.60, 66.70, 23.60, 89.00, 21.10, 99.50, 23.70, "opened", "opened", "opened", "opened", "opened", "opened", "opened", "opened", 3.00, 2.07, -14.93, 3.52, -14.93, 4.06, -1.60, 1.85 
2015-9-11 6:8:51,25.30, 64.20, 23.30, 68.00, 22.60, 61.80, 23.60, 66.90, 23.60, 89.20, 21.10, 99.50, 23.70, "opened", "opened", "opened", "opened", "opened", "opened", "opened", "opened", 3.00, 2.06, -14.94, 3.52, -14.93, 4.05, -1.61, 1.85 
2015-9-11 6:13:51,25.24, 64.20, 23.30, 68.10, 22.60, 61.80, 23.60, 66.30, 23.50, 89.30, 21.10, 99.50, 23.70, "opened", "opened", "opened", "opened", "opened", "opened", "opened", "opened", 3.00, 2.06, -14.92, 3.52, -14.92, 4.08, -1.58, 1.86 
2015-9-11 6:18:53,25.30, 64.10, 23.30, 68.10, 22.60, 61.90, 23.60, 66.30, 23.60, 89.50, 21.10, 99.50, 23.70, "opened", "opened", "opened", "opened", "opened", "opened", "opened", "opened", 3.01, 2.06, -14.93, 3.52, -14.92, 4.07, -1.62, 1.85 
2015-9-11 6:23:53,25.26, 64.20, 23.30, 68.10, 22.60, 61.90, 23.60, 67.00, 23.50, 90.30, 21.10, 99.50, 23.60, "opened", "opened", "opened", "opened", "opened", "opened", "opened", "opened", 3.01, 2.05, -14.92, 3.51, -14.92, 4.06, -1.64, 1.85 
2015-9-11 6:28:54,25.28, 64.30, 23.30, 67.80, 22.60, 61.90, 23.50, 66.80, 23.50, 90.70, 21.00, 99.50, 23.70, "opened", "opened", "opened", "opened", "opened", "opened", "opened", "opened", 3.01, 2.06, -14.93, 3.51, -14.92, 4.06, -1.66, 1.85 
2015-9-11 6:33:54,25.24, 64.30, 23.30, 67.90, 22.60, 61.90, 23.50, 66.30, 23.50, 90.70, 21.00, 99.50, 23.60, "opened", "opened", "opened", "opened", "opened", "opened", "opened", "opened", 2.99, 2.06, -14.93, 3.51, -14.93, 4.05, -1.67, 1.85 
2015-9-11 6:38:56,25.27, 64.20, 23.30, 67.70, 22.60, 61.90, 23.50, 66.40, 23.50, 90.70, 21.00, 99.50, 23.60, "opened", "opened", "opened", "opened", "opened", "opened", "opened", "opened", 3.00, 2.06, -14.94, 3.51, -14.92, 4.07, -1.67, 1.86 
2015-9-11 6:43:56,25.22, 64.30, 23.30, 68.10, 22.60, 62.00, 23.50, 66.50, 23.50, 91.20, 21.00, 99.50, 23.60, "opened", "opened", "opened", "opened", "opened", "opened", "opened", "opened", 3.01, 2.06, -14.93, 3.50, -14.93, 4.06, -1.70, 1.86 
2015-9-11 6:48:58,25.19, 64.30, 23.30, 68.30, 22.60, 61.90, 23.50, 66.40, 23.40, 91.20, 20.90, 99.50, 23.60, "opened", "opened", "opened", "opened", "opened", "opened", "opened", "opened", 2.99, 2.05, -14.93, 3.50, -14.93, 4.06, -1.69, 1.85 
2015-9-11 6:53:58,25.19, 64.30, 23.20, 68.70, 22.60, 62.30, 23.50, 66.50, 23.40, 100.00, 20.90, 99.50, 23.60, "opened", "opened", "opened", "opened", "opened", "opened", "opened", "opened", 3.06, 2.05, -14.94, 3.50, -14.94, 4.06, -1.70, 1.84 
2015-9-11 6:59:0,25.19, 64.30, 23.20, 68.30, 22.50, 61.90, 23.50, 67.40, 23.40, 100.00, 20.90, 99.50, 23.60, "opened", "opened", "opened", "opened", "opened", "opened", "opened", "opened", 3.08, 2.06, -14.93, 3.50, -14.93, 4.06, -1.70, 1.86 
2015-9-11 7:4:0,25.11, 64.40, 23.20, 68.50, 22.50, 61.90, 23.50, 66.40, 23.40, 100.00, 20.90, 99.50, 23.60, "opened", "opened", "opened", "opened", "opened", "opened", "opened", "opened", 3.04, 2.05, -14.94, 3.50, -14.93, 4.05, -1.73, 1.86 
2015-9-11 7:9:2,25.14, 64.40, 23.20, 69.00, 22.50, 62.10, 23.50, 65.90, 23.40, 100.00, 20.90, 99.50, 23.60, "opened", "opened", "opened", "opened", "opened", "opened", "opened", "opened", 3.07, 2.05, -14.93, 3.49, -14.93, 4.04, -1.75, 1.86 
2015-9-11 7:14:2,25.16, 64.40, 23.20, 68.70, 22.50, 62.10, 23.40, 66.80, 23.40, 100.00, 20.90, 99.50, 23.60, "opened", "opened", "opened", "opened", "opened", "opened", "opened", "opened", 3.10, 2.05, -14.94, 3.50, -14.94, 4.05, -1.75, 1.85 
2015-9-11 7:19:3,25.14, 64.30, 23.20, 69.30, 22.50, 62.20, 23.40, 67.10, 23.40, 100.00, 20.80, 99.50, 23.60, "opened", "opened", "opened", "opened", "opened", "opened", "opened", "opened", 3.12, 2.05, -14.94, 3.49, -14.93, 4.04, -1.88, 1.84 
2015-9-11 7:24:3,25.09, 64.30, 23.20, 69.40, 22.50, 61.90, 23.40, 67.00, 23.30, 100.00, 20.80, 99.50, 23.60, "opened", "opened", "opened", "opened", "opened", "opened", "opened", "opened", 3.12, 2.05, -14.93, 3.49, -14.93, 4.06, -1.81, 1.85 
2015-9-11 7:29:5,25.08, 64.30, 23.20, 69.50, 22.50, 62.10, 23.40, 67.30, 23.30, 100.00, 20.80, 99.50, 23.60, "opened", "opened", "opened", "opened", "opened", "opened", "opened", "opened", 3.16, 2.06, -14.93, 3.49, -14.92, 4.09, -1.82, 1.86 
2015-9-11 7:34:5,25.00, 64.30, 23.20, 69.20, 22.50, 61.90, 23.40, 67.50, 23.30, 100.00, 20.80, 99.50, 23.60, "opened", "opened", "opened", "opened", "opened", "opened", "opened", "opened", 3.15, 2.06, -14.92, 3.49, -14.93, 4.07, -1.86, 1.85 
2015-9-11 7:39:7,24.96, 64.40, 23.20, 69.70, 22.50, 62.20, 23.40, 67.50, 23.30, 100.00, 20.70, 99.50, 23.60, "opened", "opened", "opened", "opened", "opened", "opened", "opened", "opened", 3.16, 2.05, -14.94, 3.49, -14.94, 4.05, -1.87, 1.87 
2015-9-11 7:44:7,24.91, 64.10, 23.20, 69.90, 22.40, 62.10, 23.40, 67.40, 23.30, 100.00, 20.70, 99.50, 23.60, "opened", "opened", "opened", "opened", "opened", "opened", "opened", "opened", 3.14, 2.05, -14.93, 3.48, -14.93, 4.06, -1.85, 1.86 
2015-9-11 7:49:9,24.88, 64.00, 23.10, 70.30, 22.40, 61.80, 23.40, 67.90, 23.30, 100.00, 20.70, 99.50, 23.60, "opened", "opened", "opened", "opened", "opened", "opened", "opened", "opened", 3.14, 2.05, -14.94, 3.48, -14.93, 4.06, -1.85, 1.85 
2015-9-11 7:54:9,24.68, 63.90, 23.20, 69.80, 22.40, 62.10, 23.30, 68.40, 23.30, 100.00, 20.70, 99.50, 23.60, "opened", "opened", "opened", "opened", "opened", "opened", "opened", "opened", 3.14, 2.05, -14.93, 3.48, -14.92, 4.06, -1.85, 1.85 
2015-9-11 7:59:12,24.73, 63.80, 23.10, 70.00, 22.40, 62.10, 23.30, 68.10, 23.30, 100.00, 20.60, 99.50, 23.50, "opened", "opened", "opened", "opened", "opened", "opened", "opened", "opened", 3.11, 2.04, -14.94, 3.48, -14.93, 4.03, -1.81, 1.85 
2015-9-11 8:4:12,24.77, 63.90, 23.10, 70.30, 22.40, 61.90, 23.30, 67.60, 23.20, 100.00, 20.70, 99.50, 23.50, "opened", "opened", "opened", "opened", "opened", "opened", "opened", "opened", 3.12, 2.05, -14.93, 3.48, -14.92, 4.06, -1.76, 1.86 
2015-9-11 8:9:13,24.74, 63.90, 23.10, 70.30, 22.40, 61.90, 23.30, 67.30, 23.20, 100.00, 20.70, 99.50, 23.50, "opened", "opened", "opened", "opened", "opened", "opened", "opened", "opened", 3.11, 2.05, -14.93, 3.48, -14.94, 4.07, -1.74, 1.86 
2015-9-11 8:14:13,24.71, 63.90, 23.10, 70.50, 22.40, 62.10, 23.30, 67.40, 23.20, 91.20, 20.60, 99.50, 23.50, "opened", "opened", "opened", "opened", "opened", "opened", "opened", "opened", 3.12, 2.05, -14.93, 3.48, -14.92, 4.05, -1.81, 1.85 
2015-9-11 8:19:15,24.72, 63.90, 23.10, 70.20, 22.40, 62.20, 23.30, 67.30, 23.20, 100.00, 20.60, 99.50, 23.50, "opened", "opened", "opened", "opened", "opened", "opened", "opened", "opened", 3.13, 2.05, -14.94, 3.48, -14.93, 4.05, -1.83, 1.85 
2015-9-11 8:24:15,24.73, 64.00, 23.10, 70.40, 22.30, 62.30, 23.30, 67.90, 23.20, 100.00, 20.60, 99.50, 23.50, "opened", "opened", "opened", "opened", "opened", "opened", "opened", "opened", 3.11, 2.04, -14.93, 3.48, -14.93, 4.05, -1.84, 1.85 
2015-9-11 8:29:17,24.76, 64.00, 23.10, 70.30, 22.40, 62.40, 23.30, 68.30, 23.20, 90.50, 20.60, 99.50, 23.50, "opened", "opened", "opened", "opened", "opened", "opened", "opened", "opened", 3.12, 2.04, -14.93, 3.47, -14.93, 4.05, -1.88, 1.85 
2015-9-11 8:34:17,24.77, 64.00, 23.10, 70.50, 22.30, 62.00, 23.20, 68.20, 23.20, 90.50, 20.60, 99.50, 23.50, "opened", "opened", "opened", "opened", "opened", "opened", "opened", "opened", 3.07, 2.04, -14.93, 3.47, -14.92, 4.06, -1.83, 1.86 
2015-9-11 8:39:19,24.78, 64.00, 23.10, 70.30, 22.30, 62.50, 23.30, 68.30, 23.20, 90.50, 20.60, 99.50, 23.50, "opened", "opened", "opened", "opened", "opened", "opened", "opened", "opened", 3.08, 2.03, -14.93, 3.47, -14.93, 4.04, -1.79, 1.85 
2015-9-11 8:44:19,24.71, 64.00, 23.10, 70.40, 22.30, 62.30, 23.30, 68.10, 23.10, 100.00, 20.60, 99.50, 23.50, "opened", "opened", "opened", "opened", "opened", "opened", "opened", "opened", 3.05, 2.03, -14.93, 3.47, -14.92, 4.05, -1.76, 1.86 
2015-9-11 8:49:20,24.68, 64.10, 23.10, 70.00, 22.30, 62.30, 23.20, 68.40, 23.10, 90.50, 20.50, 99.50, 23.50, "opened", "opened", "opened", "opened", "opened", "opened", "opened", "opened", 3.06, 2.04, -14.92, 3.48, -14.93, 4.05, -1.79, 1.86 
2015-9-11 8:54:20,24.74, 64.20, 23.00, 70.40, 22.30, 62.40, 23.30, 68.20, 23.10, 90.50, 20.50, 99.50, 23.50, "opened", "opened", "opened", "opened", "opened", "opened", "opened", "opened", 3.05, 2.04, -14.93, 3.47, -14.92, 4.05, -1.80, 1.86 
2015-9-11 8:59:22,24.81, 64.20, 23.10, 70.60, 22.30, 62.20, 23.20, 68.30, 23.10, 90.50, 20.50, 99.50, 23.50, "opened", "opened", "opened", "opened", "opened", "opened", "opened", "opened", 3.06, 2.04, -14.93, 3.48, -14.92, 4.05, -1.79, 1.86 
2015-9-11 9:4:22,25.88, 63.70, 23.10, 30.00, 22.30, 61.70, 23.20, 68.10, 23.10, 90.40, 20.50, 99.50, 23.40, "closed", "opened", "opened", "opened", "opened", "opened", "opened", "closed", 3.05, 2.04, -14.95, 3.46, -14.93, 4.04, -1.81, 1.85 
2015-9-11 9:9:24,26.61, 63.70, 23.10, 29.00, 22.40, 61.90, 23.20, 68.90, 23.10, 90.20, 20.50, 99.50, 23.50, "closed", "opened", "opened", "opened", "opened", "opened", "opened", "closed", 3.06, 2.03, -14.93, 3.46, -14.93, 4.05, -1.80, 1.86 
2015-9-11 9:14:24,26.97, 63.10, 23.10, 27.40, 22.40, 62.00, 23.20, 68.30, 23.10, 90.40, 20.50, 99.50, 23.50, "closed", "opened", "opened", "opened", "opened", "opened", "opened", "closed", 3.02, 2.03, -14.93, 3.47, -14.93, 4.05, -1.80, 1.86 
2015-9-11 9:19:26,27.58, 62.70, 23.20, 27.50, 22.50, 62.10, 23.30, 67.30, 23.10, 100.00, 20.40, 99.50, 23.50, "closed", "opened", "opened", "opened", "opened", "opened", "opened", "closed", 3.02, 2.03, -14.94, 3.46, -14.93, 4.03, -1.83, 1.86 
2015-9-11 9:24:26,27.67, 62.40, 23.20, 27.30, 22.60, 62.00, 23.30, 67.50, 23.10, 100.00, 20.40, 99.50, 23.40, "closed", "opened", "opened", "opened", "opened", "opened", "opened", "closed", 3.03, 2.03, -14.93, 3.45, -14.93, 4.04, -1.83, 1.86 
2015-9-11 9:29:28,28.40, 62.40, 23.20, 27.20, 22.70, 61.90, 23.30, 68.10, 23.10, 100.00, 20.40, 99.50, 23.40, "closed", "opened", "opened", "opened", "opened", "opened", "opened", "closed", 3.02, 2.03, -14.94, 3.45, -14.93, 4.04, -1.72, 1.87 
2015-9-11 9:34:28,28.38, 62.50, 23.20, 27.30, 22.80, 61.80, 23.30, 69.10, 23.00, 100.00, 20.40, 99.50, 23.40, "closed", "opened", "opened", "opened", "opened", "opened", "opened", "closed", 3.03, 2.04, -14.93, 3.45, -14.93, 4.03, -1.75, 1.85 
2015-9-11 9:39:29,29.06, 62.40, 23.20, 27.00, 22.90, 61.70, 23.30, 69.10, 23.00, 100.00, 20.40, 99.50, 23.40, "closed", "opened", "opened", "opened", "opened", "opened", "opened", "closed", 3.02, 2.03, -14.93, 3.45, -14.92, 4.05, -1.76, 1.86 
2015-9-11 9:44:29,29.12, 62.60, 23.20, 27.70, 23.00, 61.30, 23.30, 69.60, 23.00, 100.00, 20.40, 99.50, 23.40, "closed", "opened", "opened", "opened", "opened", "opened", "opened", "closed", 3.02, 2.03, -14.92, 3.45, -14.92, 4.05, -1.79, 1.86 
2015-9-11 9:49:32,29.48, 62.80, 23.20, 27.40, 23.10, 61.90, 23.30, 70.00, 23.00, 100.00, 20.40, 99.50, 23.40, "closed", "opened", "opened", "opened", "opened", "opened", "opened", "closed", 3.00, 2.04, -14.92, 3.44, -14.92, 4.04, -1.81, 1.86 
2015-9-11 9:54:32,29.87, 62.90, 23.20, 27.60, 23.20, 62.00, 23.30, 69.80, 23.00, 90.80, 20.40, 99.50, 23.40, "closed", "opened", "opened", "opened", "opened", "opened", "opened", "closed", 3.00, 2.03, -14.93, 3.44, -14.93, 4.03, -1.84, 1.86 
2015-9-11 9:59:34,29.84, 63.20, 23.20, 27.40, 23.30, 61.80, 23.40, 70.40, 23.00, 90.70, 20.40, 99.50, 23.40, "closed", "opened", "opened", "opened", "opened", "opened", "opened", "closed", 3.01, 2.04, -14.93, 3.44, -14.93, 4.03, -1.85, 1.86 
2015-9-11 10:4:34,30.16, 65.30, 23.20, 35.80, 23.40, 64.00, 23.40, 64.80, 23.10, 88.90, 20.40, 99.50, 23.40, "closed", "opened", "closed", "closed", "opened", "opened", "opened", "closed", 3.00, 2.04, -14.93, 3.52, -14.93, 4.03, -1.83, 1.86 
2015-9-11 10:9:36,30.63, 65.10, 23.20, 35.10, 23.40, 61.80, 23.50, 64.10, 23.30, 89.90, 20.40, 99.50, 23.40, "closed", "opened", "closed", "closed", "opened", "opened", "opened", "closed", 2.99, 2.01, -14.94, 3.48, -14.93, 4.03, -1.87, 1.86 
2015-9-11 10:14:36,31.15, 65.20, 23.20, 35.30, 23.40, 61.90, 23.50, 62.00, 23.60, 90.90, 20.40, 99.50, 23.40, "closed", "opened", "closed", "closed", "opened", "opened", "opened", "closed", 3.05, 2.03, -14.92, 3.47, -14.92, 4.03, -1.86, 1.86 
2015-9-11 10:19:37,31.50, 65.60, 23.20, 34.90, 23.50, 61.50, 23.60, 60.90, 23.70, 90.80, 20.40, 99.50, 23.40, "closed", "opened", "closed", "closed", "opened", "opened", "opened", "closed", 3.00, 2.03, -14.94, 3.47, -14.93, 4.04, -1.84, 1.87 
2015-9-11 10:24:37,32.18, 65.60, 23.20, 35.10, 23.60, 61.60, 23.60, 60.30, 23.80, 91.20, 20.40, 99.50, 23.40, "closed", "opened", "closed", "closed", "opened", "opened", "opened", "closed", 2.98, 2.02, -14.93, 3.51, -14.92, 4.04, -1.83, 1.87 
2015-9-11 10:29:39,32.59, 65.80, 23.20, 35.30, 23.60, 61.60, 23.60, 59.50, 23.90, 91.60, 20.40, 99.50, 23.40, "closed", "opened", "closed", "closed", "opened", "opened", "opened", "closed", 3.02, 2.04, -14.94, 3.39, -14.93, 4.03, -1.87, 1.87 
2015-9-11 10:34:39,32.85, 65.90, 23.20, 34.80, 23.70, 61.80, 23.70, 60.00, 24.10, 91.60, 20.50, 99.50, 23.40, "closed", "opened", "closed", "closed", "opened", "opened", "opened", "closed", 3.01, 2.03, -14.93, 3.35, -14.92, 4.03, -1.85, 1.87 
2015-9-11 10:39:41,32.95, 66.10, 23.20, 35.00, 23.70, 61.80, 23.70, 60.10, 24.10, 91.50, 20.50, 99.50, 23.40, "closed", "opened", "closed", "closed", "opened", "opened", "opened", "closed", 3.00, 2.05, -14.93, 3.44, -14.92, 4.03, -1.87, 1.87 
2015-9-11 10:44:41,33.61, 66.40, 23.30, 34.70, 23.70, 61.70, 23.70, 60.80, 24.20, 91.50, 20.60, 99.50, 23.40, "closed", "opened", "closed", "closed", "opened", "opened", "opened", "closed", 3.01, 2.03, -14.93, 3.42, -14.93, 4.04, -1.87, 1.88 
2015-9-11 10:49:43,33.51, 66.40, 23.30, 34.80, 23.80, 61.90, 23.70, 60.20, 24.30, 91.50, 20.60, 99.50, 23.40, "closed", "opened", "closed", "closed", "opened", "opened", "opened", "closed", 3.01, 2.04, -14.94, 3.37, -14.93, 4.02, -1.90, 1.87 
2015-9-11 10:54:43,34.06, 66.40, 23.30, 35.20, 23.80, 62.10, 23.70, 60.90, 24.40, 91.50, 20.60, 99.50, 23.40, "closed", "opened", "closed", "closed", "opened", "opened", "opened", "closed", 3.01, 2.06, -14.93, 3.39, -14.93, 4.03, -1.88, 1.88 
2015-9-11 10:59:45,34.12, 66.50, 23.30, 34.90, 23.90, 61.50, 23.80, 61.00, 24.40, 91.50, 20.70, 99.50, 23.40, "closed", "opened", "closed", "closed", "opened", "opened", "opened", "closed", 3.04, 2.05, -14.93, 3.49, -14.92, 4.02, -1.89, 1.88 
2015-9-11 11:4:45,33.89, 66.70, 23.30, 34.80, 23.90, 62.10, 23.80, 60.50, 24.50, 91.20, 20.70, 99.50, 23.40, "closed", "opened", "closed", "closed", "opened", "opened", "opened", "closed", 3.03, 2.05, -14.93, 3.44, -14.93, 4.02, -1.92, 1.87 
2015-9-11 11:9:46,34.50, 66.90, 23.30, 35.10, 23.90, 61.90, 23.80, 60.30, 24.50, 91.40, 20.80, 99.50, 23.40, "closed", "opened", "closed", "closed", "opened", "opened", "opened", "closed", 3.03, 2.04, -14.93, 3.50, -14.92, 4.02, -1.90, 1.88 
2015-9-11 11:14:46,34.66, 67.00, 23.30, 34.90, 23.90, 61.70, 23.80, 60.50, 24.60, 91.20, 20.80, 99.50, 23.40, "closed", "opened", "closed", "closed", "opened", "opened", "opened", "closed", 3.04, 2.04, -14.93, 3.38, -14.93, 4.03, -1.90, 1.88 
2015-9-11 11:19:49,34.43, 67.10, 23.30, 34.90, 24.00, 61.90, 23.90, 60.30, 24.70, 91.00, 20.80, 99.50, 23.40, "closed", "opened", "closed", "closed", "opened", "opened", "opened", "closed", 3.04, 2.05, -14.93, 3.45, -14.93, 4.02, -1.93, 1.88 
2015-9-11 11:24:49,34.72, 67.30, 23.30, 34.80, 24.00, 62.00, 23.90, 60.00, 24.70, 89.70, 20.80, 99.50, 23.40, "closed", "opened", "closed", "closed", "opened", "opened", "opened", "closed", 3.04, 2.05, -14.94, 3.48, -14.93, 4.02, -1.94, 1.88 
2015-9-11 11:29:51,34.67, 67.40, 23.30, 34.60, 24.00, 61.80, 23.80, 59.70, 24.80, 89.50, 20.90, 99.50, 23.40, "closed", "opened", "closed", "closed", "opened", "opened", "opened", "closed", 3.02, 2.04, -14.93, 3.46, -14.93, 4.03, -1.92, 1.89 
2015-9-11 11:34:51,34.49, 67.40, 23.30, 34.60, 24.10, 62.10, 23.90, 59.70, 24.80, 88.90, 21.00, 99.50, 23.40, "closed", "opened", "closed", "closed", "opened", "opened", "opened", "closed", 3.02, 2.05, -14.93, 3.44, -14.92, 4.02, -1.93, 1.89 
2015-9-11 11:39:53,34.97, 67.60, 23.30, 34.80, 24.10, 61.90, 23.90, 59.30, 24.90, 85.50, 21.00, 99.50, 23.40, "closed", "opened", "closed", "closed", "opened", "opened", "opened", "closed", 3.04, 2.04, -14.93, 3.42, -14.92, 4.02, -1.92, 1.89 
2015-9-11 11:44:53,34.91, 67.70, 23.40, 35.00, 24.10, 61.80, 23.90, 59.20, 25.00, 85.10, 21.00, 99.50, 23.40, "closed", "opened", "closed", "closed", "opened", "opened", "opened", "closed", 3.05, 2.05, -14.94, 3.43, -14.94, 4.02, -1.98, 1.89 
2015-9-11 11:49:55,34.90, 67.70, 23.40, 35.00, 24.10, 61.90, 23.90, 58.70, 25.00, 84.20, 21.00, 99.50, 23.40, "closed", "opened", "closed", "closed", "opened", "opened", "opened", "closed", 3.04, 2.05, -14.93, 3.46, -14.93, 4.02, -1.98, 1.89 
2015-9-11 11:54:55,35.06, 67.70, 23.40, 34.90, 24.10, 62.10, 23.90, 58.70, 25.00, 83.50, 21.10, 99.50, 23.40, "closed", "opened", "closed", "closed", "opened", "opened", "opened", "closed", 3.05, 2.05, -14.93, 3.38, -14.93, 4.02, -2.00, 1.89 
2015-9-11 11:59:56,35.14, 67.90, 23.40, 35.00, 24.20, 61.80, 23.90, 58.40, 25.10, 81.30, 21.10, 99.50, 23.40, "closed", "opened", "closed", "closed", "opened", "opened", "opened", "closed", 3.01, 2.04, -14.94, 3.47, -14.92, 4.02, -2.00, 1.90 
2015-9-11 12:4:56,35.75, 68.00, 23.40, 34.80, 24.10, 62.10, 23.90, 58.30, 25.10, 79.50, 21.10, 99.50, 23.40, "closed", "opened", "closed", "closed", "closed", "opened", "opened", "closed", 3.04, 2.06, -14.93, 3.50, -14.92, 4.03, -1.98, 1.90 
2015-9-11 12:9:58,35.40, 68.20, 23.40, 34.60, 24.20, 61.90, 23.90, 57.70, 25.20, 79.90, 21.20, 99.50, 23.40, "closed", "opened", "closed", "closed", "closed", "opened", "opened", "closed", 3.03, 2.08, -14.92, 3.46, -14.92, 4.03, -2.01, 1.89 
2015-9-11 12:14:58,35.94, 68.20, 23.40, 34.60, 24.20, 61.80, 23.90, 57.60, 25.20, 79.40, 21.20, 99.50, 23.40, "closed", "opened", "closed", "closed", "closed", "opened", "opened", "closed", 3.01, 2.07, -14.93, 3.45, -14.92, 4.01, -2.08, 1.88 
2015-9-11 12:20:0,35.58, 68.20, 23.40, 34.80, 24.20, 61.80, 24.00, 57.30, 25.20, 79.40, 21.20, 99.50, 23.40, "closed", "opened", "closed", "closed", "closed", "opened", "opened", "closed", 3.01, 2.07, -14.93, 3.48, -14.93, 4.02, -2.06, 1.90 
2015-9-11 12:25:0,35.74, 68.30, 23.40, 35.00, 24.20, 62.00, 24.00, 57.00, 25.30, 80.60, 21.30, 99.50, 23.40, "closed", "opened", "closed", "closed", "closed", "opened", "opened", "closed", 3.03, 2.06, -14.94, 3.48, -14.93, 4.03, -2.13, 1.90 
2015-9-11 12:30:2,35.89, 68.30, 23.40, 34.80, 24.20, 61.90, 24.00, 56.60, 25.30, 80.60, 21.40, 99.50, 23.40, "closed", "opened", "closed", "closed", "closed", "opened", "opened", "closed", 3.05, 2.08, -14.93, 3.41, -14.93, 4.02, -2.18, 1.90 
2015-9-11 12:35:2,35.84, 68.50, 23.40, 34.70, 24.30, 62.30, 24.00, 56.90, 25.30, 81.80, 21.40, 99.50, 23.40, "closed", "opened", "closed", "closed", "closed", "opened", "opened", "closed", 3.00, 2.07, -14.93, 3.52, -14.94, 4.02, -2.24, 1.90 
2015-9-11 12:40:4,36.44, 68.50, 23.40, 34.90, 24.30, 62.00, 24.00, 55.80, 25.40, 81.70, 21.50, 99.50, 23.40, "closed", "opened", "closed", "closed", "closed", "opened", "opened", "closed", 3.02, 2.08, -14.94, 3.46, -14.93, 4.04, -2.29, 1.91 
2015-9-11 12:45:4,36.53, 68.50, 23.40, 34.90, 24.30, 62.20, 24.00, 55.30, 25.40, 82.20, 21.50, 99.50, 23.40, "closed", "opened", "closed", "closed", "closed", "opened", "opened", "closed", 3.02, 2.08, -14.93, 3.47, -14.92, 4.03, -2.35, 1.92 
2015-9-11 12:50:5,36.76, 68.80, 23.40, 34.20, 24.30, 62.50, 24.00, 55.30, 25.50, 84.20, 21.50, 99.50, 23.40, "closed", "opened", "closed", "closed", "closed", "opened", "opened", "closed", 2.99, 2.10, -14.93, 3.42, -14.92, 4.04, -2.38, 1.92 
2015-9-11 12:55:5,36.44, 68.70, 23.50, 34.90, 24.30, 62.10, 24.00, 56.10, 25.50, 84.70, 21.60, 99.50, 23.40, "closed", "opened", "closed", "closed", "closed", "opened", "opened", "closed", 2.99, 2.08, -14.93, 3.43, -14.92, 4.02, -2.45, 1.91 
2015-9-11 13:0:7,36.13, 68.30, 23.40, 34.90, 24.30, 62.30, 24.10, 56.00, 25.60, 86.00, 21.60, 99.50, 23.40, "closed", "closed", "closed", "closed", "closed", "closed", "opened", "closed", 2.99, 2.10, -14.93, 3.42, -14.92, 4.03, -2.49, 1.92 
2015-9-11 13:5:7,36.96, 68.90, 23.50, 36.40, 24.30, 63.20, 24.10, 56.90, 25.60, 84.60, 21.70, 99.50, 23.50, "closed", "closed", "closed", "closed", "closed", "closed", "opened", "closed", 2.98, 2.13, -14.93, 3.50, -14.94, 4.03, -2.47, 1.93 
2015-9-11 13:10:10,36.94, 68.60, 23.50, 35.00, 24.40, 63.20, 24.20, 56.00, 25.60, 85.40, 21.70, 98.50, 23.50, "closed", "closed", "closed", "closed", "closed", "closed", "opened", "closed", 2.96, 2.14, -14.93, 3.47, -14.93, 4.07, -2.53, 1.93 
2015-9-11 13:15:10,37.52, 68.50, 23.60, 36.20, 24.50, 62.90, 24.20, 56.50, 25.60, 86.20, 21.80, 96.60, 23.50, "closed", "closed", "closed", "closed", "closed", "closed", "opened", "closed", 2.95, 2.25, -14.93, 3.39, -14.92, 4.07, -2.57, 1.94 
2015-9-11 13:20:12,37.63, 68.50, 23.60, 36.60, 24.60, 62.20, 24.30, 57.00, 25.70, 87.10, 21.80, 95.90, 23.60, "closed", "closed", "closed", "closed", "closed", "closed", "opened", "closed", 2.97, 2.11, -14.93, 3.48, -14.93, 4.05, -2.59, 1.93 
2015-9-11 13:25:12,38.51, 68.20, 23.60, 36.00, 24.70, 62.90, 24.40, 57.20, 25.70, 85.70, 21.80, 95.40, 23.60, "closed", "closed", "closed", "closed", "closed", "closed", "opened", "closed", 2.93, 2.18, -14.93, 3.41, -14.92, 4.05, -2.61, 1.93 
2015-9-11 13:30:14,38.65, 68.10, 23.60, 35.90, 24.80, 62.20, 24.50, 57.40, 25.70, 88.10, 21.80, 95.70, 23.70, "closed", "closed", "closed", "closed", "closed", "closed", "opened", "closed", 2.95, 2.18, -14.93, 3.39, -14.93, 4.06, -2.64, 1.95 
2015-9-11 13:35:14,38.30, 68.00, 23.60, 35.60, 24.80, 61.90, 24.50, 57.60, 25.80, 89.20, 21.90, 95.60, 23.80, "closed", "closed", "closed", "closed", "closed", "closed", "opened", "closed", 2.97, 2.19, -14.93, 3.45, -14.92, 4.04, -2.68, 1.94 
2015-9-11 13:40:15,38.80, 68.00, 23.60, 35.50, 24.90, 62.80, 24.50, 56.80, 25.80, 88.30, 22.00, 95.50, 23.80, "closed", "closed", "closed", "closed", "closed", "closed", "opened", "closed", 2.98, 2.23, -14.93, 3.40, -14.93, 4.06, -2.68, 1.95 
2015-9-11 13:45:15,39.44, 67.80, 23.70, 35.90, 25.00, 62.50, 24.60, 57.40, 25.90, 100.00, 22.00, 96.50, 23.90, "closed", "closed", "closed", "closed", "closed", "closed", "opened", "closed", 2.96, 2.25, -14.92, 3.40, -14.93, 4.06, -2.72, 1.95 
2015-9-11 13:50:17,39.23, 67.80, 23.70, 36.00, 25.00, 63.20, 24.70, 58.10, 25.90, 100.00, 22.00, 96.60, 23.90, "closed", "closed", "closed", "closed", "closed", "closed", "opened", "closed", 2.93, 2.12, -14.92, 3.45, -14.91, 4.06, -2.80, 1.96 
2015-9-11 13:55:17,39.07, 67.90, 23.70, 36.90, 25.10, 62.80, 24.70, 58.20, 25.90, 89.00, 22.10, 97.00, 24.00, "closed", "closed", "closed", "closed", "closed", "closed", "opened", "closed", 2.95, 2.11, -14.93, 3.46, -14.93, 4.08, -2.84, 1.98 
2015-9-11 14:0:19,39.29, 67.90, 23.70, 35.40, 25.10, 62.50, 24.80, 58.40, 25.90, 89.00, 22.10, 96.70, 24.00, "closed", "closed", "closed", "closed", "closed", "closed", "opened", "closed", 2.95, 2.11, -14.92, 3.47, -14.92, 4.07, -2.92, 1.98 
2015-9-11 14:5:19,39.44, 67.90, 23.70, 36.30, 25.10, 62.40, 24.80, 58.10, 25.90, 88.70, 22.10, 97.70, 24.10, "closed", "closed", "closed", "closed", "closed", "closed", "opened", "closed", 2.96, 2.11, -14.94, 3.40, -14.93, 4.07, -3.00, 1.97 
2015-9-11 14:10:21,39.51, 68.10, 23.70, 35.30, 25.20, 62.60, 24.90, 57.90, 26.00, 100.00, 22.20, 98.30, 24.10, "closed", "closed", "closed", "closed", "closed", "closed", "opened", "closed", 2.93, 2.11, -14.93, 3.48, -14.92, 4.05, -3.12, 1.96 
2015-9-11 14:15:21,40.30, 68.10, 23.70, 35.30, 25.20, 62.30, 24.90, 58.20, 26.00, 100.00, 22.20, 98.50, 24.20, "closed", "closed", "closed", "closed", "closed", "closed", "opened", "closed", 2.94, 2.09, -14.92, 3.45, -14.92, 4.05, -3.25, 1.98 
2015-9-11 14:20:23,40.08, 68.30, 23.70, 36.40, 25.30, 62.00, 25.00, 58.10, 26.10, 100.00, 22.20, 98.70, 24.20, "closed", "closed", "closed", "closed", "closed", "closed", "opened", "closed", 2.93, 2.11, -14.93, 3.45, -14.93, 4.06, -3.35, 1.99 
2015-9-11 14:25:23,40.18, 68.40, 23.80, 35.30, 25.40, 62.40, 25.00, 57.80, 26.10, 100.00, 22.30, 99.00, 24.20, "closed", "closed", "closed", "closed", "closed", "closed", "opened", "closed", 2.95, 2.10, -14.94, 3.49, -14.92, 4.05, -3.45, 1.98 
2015-9-11 14:30:25,39.85, 68.60, 23.80, 36.10, 25.40, 62.10, 25.00, 57.50, 26.10, 89.00, 22.30, 99.50, 24.30, "closed", "closed", "closed", "closed", "closed", "closed", "opened", "closed", 2.95, 2.11, -14.93, 3.42, -14.94, 4.07, -3.53, 1.99 
2015-9-11 14:35:25,39.16, 68.60, 23.80, 35.30, 25.40, 62.60, 25.10, 57.80, 26.10, 89.00, 22.30, 99.50, 24.30, "closed", "closed", "closed", "closed", "closed", "closed", "opened", "closed", 2.94, 2.09, -14.92, 3.42, -14.91, 4.08, -3.64, 2.01 
2015-9-11 14:40:26,39.90, 68.60, 23.80, 35.50, 25.50, 62.20, 25.10, 57.80, 26.10, 89.10, 22.40, 99.50, 24.40, "closed", "closed", "closed", "closed", "closed", "closed", "opened", "closed", 2.95, 2.11, -14.92, 3.42, -14.92, 4.08, -3.71, 1.99 
2015-9-11 14:45:26,39.91, 68.50, 23.80, 35.20, 25.50, 62.30, 25.10, 57.90, 26.10, 88.60, 22.40, 99.50, 24.40, "closed", "closed", "closed", "closed", "closed", "closed", "opened", "closed", 2.94, 2.12, -14.93, 3.47, -14.91, 4.04, -3.82, 2.00 
2015-9-11 14:50:28,39.39, 68.60, 23.80, 35.10, 25.50, 62.20, 25.10, 57.90, 26.20, 88.80, 22.40, 99.50, 24.40, "closed", "closed", "closed", "closed", "closed", "closed", "opened", "closed", 2.93, 2.11, -14.93, 3.44, -14.92, 4.05, -3.95, 2.00 
2015-9-11 14:55:28,40.19, 68.60, 23.80, 34.80, 25.50, 62.00, 25.20, 57.50, 26.20, 89.80, 22.50, 99.50, 24.50, "closed", "closed", "closed", "closed", "closed", "closed", "opened", "closed", 2.92, 2.12, -14.93, 3.43, -14.93, 4.08, -4.08, 2.02 
2015-9-11 15:0:30,39.88, 68.70, 23.90, 35.20, 25.60, 61.90, 25.20, 57.80, 26.30, 89.60, 22.50, 99.50, 24.50, "closed", "closed", "closed", "closed", "closed", "closed", "opened", "closed", 2.92, 2.12, -14.92, 3.45, -14.92, 4.04, -4.24, 2.02 
2015-9-11 15:5:30,40.62, 68.60, 23.90, 35.50, 25.60, 62.20, 25.20, 58.00, 26.30, 90.00, 22.50, 99.50, 24.60, "closed", "closed", "closed", "closed", "closed", "closed", "opened", "closed", 2.93, 2.10, -14.93, 3.46, -14.93, 4.07, -4.37, 2.01 
2015-9-11 15:10:32,40.20, 68.70, 23.90, 35.20, 25.60, 62.10, 25.30, 57.80, 26.30, 89.60, 22.50, 99.50, 24.60, "closed", "closed", "closed", "closed", "closed", "closed", "opened", "closed", 2.95, 2.13, -14.93, 3.44, -14.92, 4.06, -4.53, 2.01 
2015-9-11 15:15:32,39.94, 68.70, 23.90, 35.40, 25.60, 62.20, 25.30, 57.90, 26.30, 89.00, 22.50, 99.50, 24.60, "closed", "closed", "closed", "closed", "closed", "closed", "opened", "closed", 2.93, 2.12, -14.93, 3.46, -14.92, 4.08, -4.67, 2.02 
2015-9-11 15:20:33,39.91, 68.90, 23.90, 35.10, 25.70, 61.90, 25.30, 57.70, 26.30, 89.20, 22.60, 99.50, 24.70, "closed", "closed", "closed", "closed", "closed", "closed", "opened", "closed", 2.97, 2.11, -14.93, 3.41, -14.93, 4.09, -4.82, 2.03 
2015-9-11 15:25:33,40.69, 68.80, 23.90, 34.80, 25.70, 61.90, 25.30, 57.30, 26.30, 89.60, 22.60, 99.50, 24.70, "closed", "closed", "closed", "closed", "closed", "closed", "opened", "closed", 2.94, 2.13, -14.93, 3.46, -14.92, 4.05, -4.94, 2.02 
2015-9-11 15:30:36,39.89, 68.80, 23.90, 34.80, 25.70, 61.80, 25.30, 56.90, 26.40, 90.50, 22.70, 99.50, 24.70, "closed", "closed", "closed", "closed", "closed", "closed", "opened", "closed", 2.94, 2.12, -14.93, 3.48, -14.93, 4.09, -5.03, 2.04 
2015-9-11 15:35:36,40.61, 68.90, 24.00, 34.60, 25.70, 61.30, 25.40, 57.20, 26.40, 90.10, 22.70, 99.50, 24.80, "closed", "closed", "closed", "closed", "closed", "closed", "opened", "closed", 2.92, 2.12, -14.92, 3.42, -14.92, 4.04, -5.17, 2.01 
2015-9-11 15:40:38,40.22, 68.80, 24.00, 34.60, 25.80, 61.50, 25.40, 57.00, 26.40, 90.10, 22.70, 99.50, 24.80, "closed", "closed", "closed", "closed", "closed", "closed", "opened", "closed", 2.92, 2.11, -14.93, 3.49, -14.92, 4.09, -5.27, 2.04 
2015-9-11 15:45:38,41.29, 68.80, 24.00, 34.90, 25.80, 61.70, 25.40, 57.10, 26.50, 89.40, 22.70, 99.50, 24.80, "closed", "closed", "closed", "closed", "closed", "closed", "opened", "closed", 2.92, 2.13, -14.92, 3.51, -14.91, 4.06, -5.40, 2.03 
2015-9-11 15:50:40,40.26, 68.90, 24.00, 34.90, 25.80, 61.70, 25.40, 57.50, 26.50, 89.10, 22.80, 99.50, 24.80, "closed", "closed", "closed", "closed", "closed", "closed", "opened", "closed", 2.90, 2.10, -14.93, 3.40, -14.92, 4.06, -5.54, 2.04 
2015-9-11 15:55:40,40.62, 69.10, 24.00, 35.40, 25.90, 61.90, 25.50, 57.40, 26.50, 88.50, 22.80, 99.50, 24.80, "closed", "closed", "closed", "closed", "closed", "closed", "opened", "closed", 2.89, 2.12, -14.92, 3.55, -14.92, 4.12, -5.66, 2.04 
2015-9-11 16:0:42,40.73, 69.20, 24.00, 35.50, 25.90, 61.40, 25.50, 57.80, 26.50, 88.30, 22.80, 99.50, 24.90, "closed", "closed", "closed", "closed", "closed", "closed", "opened", "closed", 2.92, 2.13, -14.93, 3.44, -14.92, 4.09, -5.77, 2.04 
2015-9-11 16:5:42,40.51, 69.70, 24.00, 36.00, 25.90, 62.50, 25.50, 58.10, 26.50, 89.00, 22.80, 99.50, 24.90, "closed", "closed", "closed", "closed", "closed", "closed", "opened", "closed", 2.93, 2.14, -14.94, 3.50, -14.93, 4.07, -5.87, 2.06 
2015-9-11 16:10:44,40.92, 70.00, 24.00, 36.30, 26.00, 62.60, 25.60, 58.00, 26.50, 88.70, 22.80, 99.50, 24.90, "closed", "closed", "closed", "closed", "closed", "closed", "opened", "closed", 2.91, 2.13, -14.93, 3.38, -14.94, 4.08, -6.01, 2.04 
2015-9-11 16:15:44,41.02, 70.30, 24.10, 36.30, 26.00, 62.70, 25.60, 58.10, 26.50, 88.40, 22.80, 99.50, 25.00, "closed", "closed", "closed", "closed", "closed", "closed", "opened", "closed", 2.92, 2.15, -14.92, 3.49, -14.92, 4.10, -6.06, 2.05 
2015-9-11 16:20:45,41.00, 70.70, 24.10, 36.10, 26.00, 62.80, 25.70, 58.40, 26.60, 88.30, 22.90, 99.50, 25.00, "closed", "closed", "closed", "closed", "closed", "closed", "opened", "closed", 2.92, 2.14, -14.93, 3.42, -14.92, 4.10, -6.22, 2.07 
2015-9-11 16:25:45,40.84, 70.80, 24.10, 36.30, 26.00, 62.50, 25.70, 57.90, 26.60, 88.50, 22.90, 99.50, 25.00, "closed", "closed", "closed", "closed", "closed", "closed", "opened", "closed", 2.93, 2.12, -14.94, 3.38, -14.93, 4.11, -6.25, 2.05 
2015-9-11 16:30:47,40.66, 70.70, 24.20, 36.20, 26.10, 62.80, 25.70, 58.50, 26.60, 88.50, 22.90, 99.50, 25.00, "closed", "closed", "closed", "closed", "closed", "closed", "opened", "closed", 2.92, 2.13, -14.93, 3.51, -14.93, 4.12, -6.34, 2.09 
2015-9-11 16:35:47,40.88, 70.80, 24.20, 36.30, 26.00, 63.00, 25.70, 58.80, 26.60, 88.50, 22.90, 99.50, 25.10, "closed", "closed", "closed", "closed", "closed", "closed", "opened", "closed", 2.93, 2.14, -14.93, 3.42, -14.92, 4.10, -6.41, 2.07 
2015-9-11 16:40:49,40.91, 71.00, 24.20, 36.70, 26.10, 62.90, 25.80, 58.80, 26.60, 88.20, 23.00, 99.50, 25.10, "closed", "closed", "closed", "closed", "closed", "closed", "opened", "closed", 2.93, 2.13, -14.93, 3.46, -14.93, 4.12, -6.63, 2.07 
2015-9-11 16:45:49,41.09, 71.00, 24.20, 36.80, 26.10, 63.20, 25.80, 59.00, 26.60, 88.50, 23.00, 99.50, 25.10, "closed", "closed", "closed", "closed", "closed", "closed", "opened", "closed", 2.93, 2.13, -14.92, 3.43, -14.92, 4.13, -6.81, 2.07 
2015-9-11 16:50:51,41.16, 71.30, 24.20, 36.60, 26.10, 63.10, 25.80, 59.00, 26.70, 88.40, 23.00, 99.50, 25.20, "closed", "closed", "closed", "closed", "closed", "closed", "opened", "closed", 2.92, 2.14, -14.93, 3.50, -14.93, 4.13, -6.96, 2.07 
2015-9-11 16:55:51,40.65, 71.50, 24.20, 36.40, 26.10, 63.00, 25.70, 59.10, 26.70, 88.00, 23.00, 99.50, 25.20, "closed", "closed", "closed", "closed", "closed", "closed", "opened", "closed", 2.94, 2.16, -14.93, 3.46, -14.93, 4.12, -7.05, 2.08 
2015-9-11 17:0:53,41.22, 71.30, 24.20, 36.60, 26.10, 63.10, 25.80, 58.80, 26.70, 88.30, 23.10, 99.50, 25.20, "closed", "closed", "closed", "closed", "closed", "closed", "opened", "closed", 2.95, 2.15, -14.93, 3.45, -14.93, 4.15, -7.17, 2.09 
2015-9-11 17:5:53,40.51, 71.10, 24.20, 36.50, 26.10, 62.60, 25.80, 59.20, 26.70, 88.00, 23.10, 99.50, 25.20, "closed", "closed", "closed", "closed", "closed", "closed", "opened", "closed", 2.93, 2.15, -14.93, 3.48, -14.93, 4.16, -7.29, 2.09 
2015-9-11 17:10:55,41.05, 71.10, 24.20, 36.40, 26.10, 62.70, 25.80, 58.60, 26.70, 88.20, 23.10, 99.50, 25.20, "closed", "closed", "closed", "closed", "closed", "closed", "opened", "closed", 2.92, 2.13, -14.93, 3.56, -14.93, 4.15, -7.40, 2.09 
2015-9-11 17:15:55,41.27, 71.20, 24.20, 35.90, 26.20, 62.60, 25.80, 59.30, 26.80, 88.10, 23.10, 99.50, 25.30, "closed", "closed", "closed", "closed", "closed", "closed", "opened", "closed", 2.92, 2.15, -14.93, 3.39, -14.92, 4.15, -7.45, 2.08 
2015-9-11 17:20:56,40.85, 70.90, 24.20, 36.30, 26.20, 62.60, 25.90, 58.90, 26.80, 88.00, 23.10, 99.50, 25.30, "closed", "closed", "closed", "closed", "closed", "closed", "opened", "closed", 2.92, 2.13, -14.93, 3.43, -14.93, 4.12, -7.55, 2.08 
2015-9-11 17:25:56,40.93, 70.70, 24.20, 35.90, 26.20, 62.10, 25.90, 58.60, 26.80, 88.30, 23.10, 99.50, 25.30, "closed", "closed", "closed", "closed", "closed", "closed", "opened", "closed", 2.93, 2.14, -14.93, 3.46, -14.92, 4.16, -7.63, 2.10 
2015-9-11 17:30:59,40.30, 70.70, 24.20, 35.80, 26.20, 62.30, 25.90, 58.90, 26.80, 88.40, 23.20, 99.50, 25.40, "closed", "closed", "closed", "closed", "closed", "closed", "opened", "closed", 2.94, 2.14, -14.93, 3.47, -14.92, 4.12, -7.71, 2.09 
2015-9-11 17:35:59,40.64, 71.00, 24.30, 35.20, 26.20, 61.30, 25.90, 58.30, 26.90, 88.00, 23.20, 99.50, 25.40, "closed", "closed", "closed", "closed", "closed", "closed", "opened", "closed", 2.92, 2.15, -14.93, 3.48, -14.92, 4.13, -7.33, 2.10 
2015-9-11 17:41:1,40.73, 71.10, 24.30, 35.30, 26.20, 61.60, 26.00, 58.40, 26.90, 88.00, 23.20, 99.50, 25.40, "closed", "closed", "closed", "closed", "closed", "closed", "opened", "closed", 2.92, 2.14, -14.93, 3.47, -14.92, 4.13, -7.57, 2.09 
2015-9-11 17:46:1,41.20, 70.80, 24.30, 35.20, 26.20, 60.60, 26.00, 57.90, 26.90, 87.90, 23.20, 99.50, 25.40, "closed", "closed", "closed", "closed", "closed", "closed", "opened", "closed", 2.93, 2.14, -14.92, 3.51, -14.93, 4.16, -7.63, 2.10 
2015-9-11 17:51:3,40.94, 70.50, 24.30, 35.40, 26.20, 61.50, 26.00, 57.90, 26.90, 87.70, 23.30, 99.50, 25.50, "closed", "closed", "closed", "closed", "closed", "closed", "opened", "closed", 2.93, 2.13, -14.93, 3.48, -14.93, 4.14, -7.72, 2.09 
2015-9-11 17:56:3,42.06, 70.60, 24.30, 35.50, 26.30, 61.70, 26.00, 58.10, 26.90, 87.70, 23.30, 99.50, 25.40, "closed", "closed", "closed", "closed", "closed", "closed", "opened", "closed", 2.94, 2.17, -14.92, 3.44, -14.93, 4.15, -7.76, 2.09 
2015-9-11 18:1:5,41.06, 70.40, 24.30, 35.70, 26.30, 62.00, 26.00, 57.80, 26.90, 87.40, 23.30, 99.50, 25.50, "closed", "closed", "closed", "closed", "closed", "closed", "opened", "closed", 2.96, 2.16, -14.93, 3.43, -14.92, 4.15, -7.78, 2.10 
2015-9-11 18:6:5,41.56, 70.30, 24.30, 36.00, 26.20, 61.90, 26.00, 57.80, 26.90, 87.30, 23.30, 99.50, 25.50, "closed", "closed", "closed", "closed", "closed", "closed", "opened", "closed", 2.93, 2.15, -14.93, 3.38, -14.91, 4.14, -7.92, 2.10 
2015-9-11 18:11:6,40.86, 70.20, 24.30, 35.90, 26.20, 62.10, 26.00, 58.10, 26.90, 87.20, 23.30, 99.50, 25.50, "closed", "closed", "closed", "closed", "closed", "closed", "opened", "closed", 2.92, 2.15, -14.93, 3.44, -14.93, 4.15, -7.95, 2.10 
2015-9-11 18:16:6,40.92, 70.10, 24.30, 36.40, 26.20, 62.50, 26.00, 58.20, 26.90, 86.70, 23.30, 99.50, 25.50, "closed", "closed", "closed", "closed", "closed", "closed", "opened", "closed", 2.96, 2.16, -14.94, 3.42, -14.94, 4.12, -8.13, 2.10 
2015-9-11 18:21:8,40.75, 70.00, 24.30, 36.40, 26.20, 62.60, 26.00, 58.40, 27.00, 87.10, 23.40, 99.50, 25.60, "closed", "closed", "closed", "closed", "closed", "closed", "opened", "closed", 2.92, 2.15, -14.94, 3.38, -14.92, 4.16, -8.15, 2.12 
2015-9-11 18:26:8,41.60, 69.80, 24.30, 36.10, 26.20, 62.30, 26.00, 58.00, 26.90, 86.70, 23.40, 99.50, 25.60, "closed", "closed", "closed", "closed", "closed", "closed", "opened", "closed", 2.94, 2.12, -14.94, 3.45, -14.94, 4.17, -8.19, 2.11 
2015-9-11 18:31:10,40.79, 70.10, 24.30, 36.30, 26.20, 62.40, 26.00, 58.10, 27.00, 87.10, 23.40, 99.50, 25.60, "closed", "closed", "closed", "closed", "closed", "closed", "opened", "closed", 2.94, 2.14, -14.94, 3.39, -14.92, 4.15, -8.26, 2.12 
2015-9-11 18:36:10,40.90, 69.90, 24.40, 36.40, 26.20, 62.60, 26.00, 57.50, 27.00, 86.80, 23.40, 99.50, 25.60, "closed", "closed", "closed", "closed", "closed", "closed", "opened", "closed", 2.94, 2.14, -14.93, 3.55, -14.93, 4.13, -8.20, 2.11 
2015-9-11 18:41:12,40.62, 69.90, 24.30, 36.10, 26.30, 62.60, 26.00, 57.60, 27.00, 86.90, 23.40, 99.50, 25.60, "closed", "closed", "closed", "closed", "closed", "closed", "opened", "closed", 2.92, 2.13, -14.93, 3.44, -14.91, 4.12, -8.09, 2.10 
2015-9-11 18:46:12,41.12, 69.70, 24.30, 36.40, 26.30, 62.70, 26.00, 57.40, 27.00, 87.00, 23.50, 99.50, 25.60, "closed", "closed", "closed", "closed", "closed", "closed", "opened", "closed", 2.96, 2.13, -14.93, 3.51, -14.92, 4.15, -8.16, 2.09 
2015-9-11 18:51:13,40.91, 69.70, 24.30, 36.20, 26.30, 62.70, 26.00, 57.80, 27.00, 86.90, 23.50, 99.50, 25.70, "closed", "closed", "closed", "closed", "closed", "closed", "opened", "closed", 2.92, 2.16, -14.93, 3.42, -14.92, 4.15, -8.26, 2.11 
2015-9-11 18:56:13,41.03, 69.70, 24.30, 36.50, 26.20, 62.90, 26.00, 57.50, 27.00, 86.90, 23.50, 99.50, 25.70, "closed", "closed", "closed", "closed", "closed", "closed", "opened", "closed", 2.95, 2.17, -14.93, 3.45, -14.92, 4.16, -8.28, 2.11 
2015-9-11 19:1:15,41.05, 69.50, 24.40, 36.60, 26.30, 62.90, 26.00, 57.50, 27.10, 86.60, 23.50, 99.50, 25.70, "closed", "closed", "closed", "closed", "opened", "closed", "opened", "closed", 2.94, 2.18, -14.93, 3.46, -14.93, 4.16, -8.34, 2.13 
2015-9-11 19:6:15,40.66, 69.60, 24.40, 36.60, 26.30, 62.50, 26.00, 57.30, 27.10, 87.10, 23.50, 99.50, 25.70, "closed", "closed", "closed", "closed", "opened", "closed", "opened", "closed", 2.92, 2.15, -14.94, 3.50, -14.92, 4.12, -8.41, 2.10 
2015-9-11 19:11:17,41.15, 69.40, 24.40, 36.60, 26.20, 62.30, 26.10, 57.10, 27.10, 86.80, 23.40, 99.50, 25.70, "closed", "closed", "closed", "closed", "opened", "closed", "opened", "closed", 2.92, 2.16, -14.93, 3.40, -14.93, 4.16, -8.42, 2.13 
2015-9-11 19:16:17,40.56, 69.30, 24.40, 36.40, 26.30, 62.70, 26.00, 57.10, 27.10, 85.10, 23.40, 99.50, 25.70, "closed", "closed", "closed", "closed", "opened", "closed", "opened", "closed", 2.93, 2.15, -14.93, 3.45, -14.92, 4.16, -8.32, 2.12 
2015-9-11 19:21:20,40.62, 69.40, 24.40, 36.20, 26.30, 62.50, 26.00, 56.50, 27.10, 82.80, 23.40, 99.50, 25.70, "closed", "closed", "closed", "closed", "opened", "closed", "opened", "closed", 2.93, 2.17, -14.94, 3.44, -14.92, 4.12, -8.38, 2.12 
2015-9-11 19:26:20,40.56, 69.30, 24.40, 36.40, 26.30, 62.40, 26.10, 56.80, 27.10, 81.70, 23.30, 99.50, 25.80, "closed", "closed", "closed", "closed", "opened", "closed", "opened", "closed", 2.94, 2.15, -14.93, 3.40, -14.91, 4.14, -8.40, 2.12 
2015-9-11 19:31:22,40.47, 69.10, 24.40, 36.30, 26.30, 62.20, 26.00, 56.60, 27.10, 79.90, 23.30, 99.50, 25.80, "closed", "closed", "closed", "closed", "opened", "closed", "opened", "closed", 2.94, 2.16, -14.93, 3.44, -14.94, 4.15, -8.51, 2.14 
2015-9-11 19:36:22,40.83, 69.20, 24.40, 36.00, 26.20, 61.90, 26.10, 56.30, 27.10, 79.20, 23.30, 99.50, 25.80, "closed", "closed", "closed", "closed", "opened", "closed", "opened", "closed", 2.93, 2.15, -14.93, 3.44, -14.93, 4.13, -8.50, 2.11 
2015-9-11 19:41:23,40.59, 69.00, 24.40, 36.10, 26.30, 62.00, 26.10, 56.20, 27.10, 78.20, 23.30, 99.50, 25.80, "closed", "closed", "closed", "closed", "opened", "closed", "opened", "closed", 2.95, 2.17, -14.92, 3.33, -14.92, 4.15, -8.40, 2.12 
2015-9-11 19:46:23,40.33, 68.80, 24.40, 36.10, 26.20, 62.20, 26.10, 56.30, 27.10, 77.90, 23.30, 99.50, 25.80, "closed", "closed", "closed", "closed", "opened", "closed", "opened", "closed", 2.94, 2.17, -14.93, 3.40, -14.92, 4.12, -8.47, 2.12 
2015-9-11 19:51:25,40.25, 69.00, 24.40, 35.90, 26.20, 61.70, 26.00, 56.00, 27.20, 78.10, 23.30, 99.50, 25.70, "closed", "closed", "closed", "closed", "opened", "closed", "opened", "closed", 2.95, 2.15, -14.93, 3.38, -14.92, 4.15, -8.46, 2.12 
2015-9-11 19:56:25,40.20, 68.80, 24.40, 37.00, 26.20, 62.00, 26.10, 55.90, 27.10, 76.60, 23.20, 99.50, 25.80, "closed", "closed", "closed", "closed", "opened", "closed", "opened", "closed", 2.95, 2.18, -14.93, 3.42, -14.93, 4.13, -8.23, 2.12 
2015-9-11 20:1:27,39.98, 68.80, 24.40, 34.40, 26.20, 61.10, 26.10, 55.10, 27.20, 76.70, 23.20, 99.50, 25.70, "opened", "closed", "closed", "closed", "opened", "opened", "opened", "closed", 2.93, 2.16, -14.93, 3.39, -14.92, 4.13, -8.39, 2.11 
2015-9-11 20:6:27,40.10, 69.00, 24.40, 34.30, 26.20, 61.10, 26.00, 54.60, 27.20, 76.30, 23.20, 99.50, 25.70, "opened", "closed", "closed", "closed", "opened", "opened", "opened", "closed", 2.94, 2.16, -14.93, 3.43, -14.92, 4.13, -8.36, 2.13 
2015-9-11 20:11:29,38.70, 69.10, 24.40, 34.30, 26.20, 61.10, 26.00, 54.20, 27.20, 76.50, 23.20, 99.50, 25.70, "opened", "closed", "closed", "closed", "opened", "opened", "opened", "closed", 2.94, 2.16, -14.94, 3.42, -14.93, 4.14, -8.38, 2.14 
2015-9-11 20:16:29,39.33, 68.70, 24.30, 34.50, 26.10, 61.60, 26.00, 54.10, 27.20, 76.00, 23.20, 99.50, 25.60, "opened", "closed", "closed", "closed", "opened", "opened", "opened", "closed", 2.97, 2.16, -14.93, 3.33, -14.93, 4.14, -8.45, 2.13 
2015-9-11 20:21:31,38.42, 68.70, 24.30, 34.70, 26.00, 61.20, 25.90, 54.10, 27.20, 75.80, 23.20, 99.50, 25.50, "opened", "closed", "closed", "closed", "opened", "opened", "opened", "closed", 2.94, 2.17, -14.93, 3.48, -14.93, 4.15, -8.45, 2.12 
2015-9-11 20:26:31,38.26, 68.40, 24.30, 34.80, 25.90, 61.00, 25.90, 53.40, 27.20, 75.80, 23.20, 99.50, 25.50, "opened", "closed", "closed", "closed", "opened", "opened", "opened", "closed", 2.93, 2.15, -14.93, 3.34, -14.93, 4.12, -8.42, 2.12 
2015-9-11 20:31:32,38.24, 68.20, 24.30, 34.10, 25.80, 60.90, 25.90, 53.40, 27.20, 75.30, 23.20, 99.50, 25.40, "opened", "closed", "closed", "closed", "opened", "opened", "opened", "closed", 2.94, 2.16, -14.93, 3.36, -14.92, 4.13, -8.44, 2.12 
2015-9-11 20:36:32,38.68, 68.30, 24.30, 34.30, 25.70, 61.00, 25.90, 53.30, 27.20, 75.10, 23.20, 99.50, 25.40, "opened", "closed", "closed", "closed", "opened", "opened", "opened", "closed", 2.96, 2.15, -14.94, 3.34, -14.92, 4.11, -8.42, 2.10 
2015-9-11 20:41:34,37.97, 68.20, 24.30, 34.30, 25.70, 60.80, 25.80, 53.00, 27.20, 75.20, 23.20, 98.10, 25.30, "opened", "closed", "closed", "closed", "opened", "opened", "opened", "closed", 2.94, 2.15, -14.93, 3.31, -14.93, 4.11, -8.31, 2.11 
2015-9-11 20:46:34,37.58, 68.00, 24.30, 34.60, 25.50, 61.00, 25.80, 53.20, 27.20, 75.70, 23.20, 96.50, 25.30, "opened", "closed", "closed", "closed", "opened", "opened", "opened", "closed", 2.95, 2.16, -14.93, 3.36, -14.92, 4.11, -8.19, 2.12 
2015-9-11 20:51:36,37.71, 68.00, 24.30, 34.50, 25.50, 60.90, 25.80, 52.70, 27.20, 75.50, 23.20, 94.70, 25.30, "opened", "closed", "closed", "closed", "opened", "opened", "opened", "closed", 2.93, 2.17, -14.94, 3.34, -14.94, 4.12, -8.13, 2.12 
2015-9-11 20:56:36,37.38, 67.60, 24.30, 34.80, 25.50, 61.30, 25.70, 52.70, 27.20, 75.50, 23.20, 93.10, 25.20, "opened", "closed", "closed", "closed", "opened", "opened", "opened", "closed", 2.95, 2.15, -14.93, 3.45, -14.92, 4.13, -8.17, 2.13 
2015-9-11 21:1:38,37.87, 66.10, 24.30, 42.90, 25.40, 59.70, 25.70, 59.10, 27.20, 78.00, 23.20, 92.20, 25.10, "opened", "closed", "opened", "opened", "opened", "opened", "opened", "closed", 2.95, 2.15, -14.93, 3.41, -14.93, 4.13, -7.31, 2.12 
2015-9-11 21:6:38,37.03, 66.00, 24.30, 43.10, 25.30, 59.40, 25.70, 59.30, 27.00, 80.10, 23.10, 93.00, 25.10, "opened", "closed", "opened", "opened", "opened", "opened", "opened", "closed", 2.95, 2.15, -14.92, 3.41, -14.92, 4.12, -7.52, 2.11 
2015-9-11 21:11:40,36.87, 65.90, 24.30, 43.00, 25.20, 59.40, 25.60, 59.30, 26.90, 82.90, 23.10, 93.50, 25.10, "opened", "closed", "opened", "opened", "opened", "opened", "opened", "closed", 2.94, 2.16, -14.93, 3.41, -14.92, 4.12, -7.82, 2.12 
2015-9-11 21:16:41,36.15, 65.80, 24.30, 42.70, 25.20, 59.50, 25.60, 59.70, 26.80, 83.90, 23.20, 93.60, 25.10, "opened", "closed", "opened", "opened", "opened", "opened", "opened", "closed", 2.93, 2.15, -14.94, 3.39, -14.94, 4.10, -7.98, 2.11 
2015-9-11 21:21:43,36.29, 65.60, 24.30, 42.90, 25.10, 59.60, 25.60, 59.30, 26.70, 84.70, 23.10, 93.90, 25.10, "opened", "closed", "opened", "opened", "opened", "opened", "opened", "closed", 2.92, 2.15, -14.94, 3.39, -14.93, 4.11, -8.21, 2.12 
2015-9-11 21:26:43,35.91, 65.40, 24.30, 43.00, 25.10, 59.70, 25.60, 59.10, 26.70, 84.90, 23.10, 93.00, 25.00, "opened", "closed", "opened", "opened", "opened", "opened", "opened", "closed", 2.94, 2.14, -14.92, 3.41, -14.92, 4.10, -8.17, 2.11 
2015-9-11 21:31:44,35.44, 65.40, 24.20, 42.50, 25.10, 59.40, 25.60, 58.40, 26.60, 85.10, 23.10, 92.70, 25.00, "opened", "closed", "opened", "opened", "opened", "opened", "opened", "closed", 2.94, 2.14, -14.93, 3.39, -14.92, 4.11, -8.10, 2.12 
2015-9-11 21:36:44,34.69, 65.30, 24.20, 43.10, 25.00, 59.60, 25.50, 59.00, 26.50, 100.00, 23.10, 92.10, 25.00, "opened", "closed", "opened", "opened", "opened", "opened", "opened", "closed", 2.92, 2.14, -14.93, 3.39, -14.93, 4.11, -8.23, 2.11 
2015-9-11 21:41:46,34.70, 65.20, 24.30, 43.40, 25.00, 59.30, 25.50, 59.10, 26.50, 100.00, 23.10, 91.80, 24.90, "opened", "closed", "opened", "opened", "opened", "opened", "opened", "closed", 2.93, 2.15, -14.93, 3.39, -14.93, 4.07, -8.34, 2.10 
2015-9-11 21:46:46,34.81, 65.20, 24.20, 42.90, 25.00, 59.50, 25.50, 59.30, 26.40, 100.00, 23.10, 90.90, 24.90, "opened", "closed", "opened", "opened", "opened", "opened", "opened", "closed", 2.94, 2.14, -14.93, 3.39, -14.94, 4.09, -8.40, 2.09 
2015-9-11 21:51:48,34.27, 65.10, 24.30, 43.00, 24.90, 59.20, 25.50, 59.00, 26.40, 100.00, 23.00, 90.90, 24.90, "opened", "closed", "opened", "opened", "opened", "opened", "opened", "closed", 2.93, 2.14, -14.93, 3.37, -14.93, 4.09, -8.40, 2.09 
2015-9-11 21:56:48,34.22, 65.00, 24.30, 42.70, 24.90, 59.30, 25.40, 59.40, 26.30, 100.00, 23.10, 90.50, 24.80, "opened", "closed", "opened", "opened", "opened", "opened", "opened", "closed", 2.93, 2.15, -14.92, 3.38, -14.92, 4.11, -8.36, 2.10 
2015-9-11 22:1:50,34.66, 65.00, 24.30, 43.00, 24.90, 59.20, 25.40, 59.40, 26.30, 100.00, 23.10, 90.50, 24.90, "opened", "closed", "opened", "opened", "opened", "opened", "opened", "closed", 2.93, 2.14, -14.93, 3.36, -14.93, 4.08, -8.40, 2.09 
2015-9-11 22:6:50,33.84, 65.00, 24.30, 42.90, 24.90, 58.90, 25.40, 58.80, 26.20, 100.00, 23.00, 89.90, 24.80, "opened", "closed", "opened", "opened", "opened", "opened", "opened", "closed", 2.92, 2.13, -14.92, 3.37, -14.93, 4.09, -8.44, 2.09 
2015-9-11 22:11:51,34.10, 65.00, 24.30, 42.80, 24.80, 59.30, 25.40, 59.40, 26.10, 100.00, 23.00, 89.90, 24.80, "opened", "closed", "opened", "opened", "opened", "opened", "opened", "closed", 2.92, 2.14, -14.94, 3.35, -14.93, 4.05, -8.38, 2.08 
2015-9-11 22:16:51,34.18, 64.80, 24.20, 42.90, 24.80, 58.90, 25.40, 58.60, 26.10, 100.00, 23.00, 89.20, 24.80, "opened", "closed", "opened", "opened", "opened", "opened", "opened", "closed", 2.94, 2.14, -14.94, 3.36, -14.93, 4.06, -8.33, 2.08 
2015-9-11 22:21:53,33.99, 64.80, 24.20, 42.90, 24.80, 59.20, 25.40, 59.60, 26.10, 82.50, 22.90, 89.00, 24.70, "opened", "closed", "opened", "opened", "opened", "opened", "opened", "closed", 2.94, 2.13, -14.93, 3.36, -14.92, 4.06, -8.30, 2.08
2015-9-11 22:26:53,33.02, 64.80, 24.30, 42.50, 24.80, 58.70, 25.40, 59.50, 26.00, 100.00, 22.90, 89.00, 24.70, "opened", "closed", "opened", "opened", "opened", "opened", "opened", "closed", 2.92, 2.14, -14.93, 3.36, -14.93, 4.06, -8.25, 2.08 
2015-9-11 22:31:55,33.47, 64.70, 24.20, 42.00, 24.80, 58.60, 25.30, 59.00, 26.00, 100.00, 22.90, 89.00, 24.70, "opened", "closed", "opened", "opened", "opened", "opened", "opened", "closed", 2.92, 2.13, -14.93, 3.36, -14.92, 4.04, -8.24, 2.08 
2015-9-11 22:36:55,33.06, 64.60, 24.20, 42.30, 24.80, 58.40, 25.30, 59.10, 25.90, 100.00, 22.80, 89.00, 24.60, "opened", "closed", "opened", "opened", "opened", "opened", "opened", "closed", 2.92, 2.13, -14.93, 3.35, -14.93, 4.05, -8.23, 2.08 
2015-9-11 22:41:58,33.23, 64.60, 24.20, 42.10, 24.70, 58.80, 25.30, 59.50, 25.90, 80.60, 22.80, 88.90, 24.60, "opened", "closed", "opened", "opened", "opened", "opened", "opened", "closed", 2.95, 2.13, -14.93, 3.35, -14.92, 4.06, -8.38, 2.08 
2015-9-11 22:46:58,33.21, 64.50, 24.30, 42.50, 24.70, 58.60, 25.30, 59.30, 25.80, 80.50, 22.80, 89.60, 24.60, "opened", "closed", "opened", "opened", "opened", "opened", "opened", "closed", 2.93, 2.14, -14.93, 3.35, -14.93, 4.07, -8.45, 2.09 
2015-9-11 22:52:0,33.43, 64.40, 24.20, 42.50, 24.70, 58.60, 25.30, 59.40, 25.80, 82.40, 22.80, 89.40, 24.60, "opened", "closed", "opened", "opened", "opened", "opened", "opened", "closed", 2.92, 2.13, -14.93, 3.34, -14.93, 4.05, -8.54, 2.08 
2015-9-11 22:57:0,33.18, 64.40, 24.20, 42.20, 24.70, 58.50, 25.30, 59.60, 25.70, 81.70, 22.80, 90.00, 24.60, "opened", "closed", "opened", "opened", "opened", "opened", "opened", "closed", 2.94, 2.13, -14.93, 3.33, -14.93, 4.04, -8.60, 2.08 
2015-9-11 23:2:1,33.56, 64.30, 24.20, 42.40, 24.70, 58.50, 25.30, 59.60, 25.70, 81.70, 22.70, 89.90, 24.60, "opened", "closed", "opened", "opened", "opened", "opened", "opened", "closed", 2.92, 2.12, -14.93, 3.33, -14.94, 4.04, -8.63, 2.08 
2015-9-11 23:7:1,33.00, 64.30, 24.20, 42.40, 24.60, 58.30, 25.30, 59.80, 25.70, 81.10, 22.70, 90.40, 24.50, "opened", "closed", "opened", "opened", "opened", "opened", "opened", "closed", 2.93, 2.12, -14.94, 3.33, -14.93, 4.04, -8.54, 2.08 
2015-9-11 23:12:3,33.19, 64.30, 24.20, 42.30, 24.60, 58.50, 25.30, 60.10, 25.70, 100.00, 22.70, 90.60, 24.50, "opened", "closed", "opened", "opened", "opened", "opened", "opened", "closed", 2.92, 2.12, -14.93, 3.33, -14.92, 4.05, -8.75, 2.09 
2015-9-11 23:17:3,32.98, 64.30, 24.20, 42.20, 24.60, 58.30, 25.30, 60.00, 25.60, 80.90, 22.70, 91.40, 24.50, "opened", "closed", "opened", "opened", "opened", "opened", "opened", "closed", 2.94, 2.12, -14.93, 3.32, -14.92, 4.03, -8.83, 2.08 
2015-9-11 23:22:5,33.41, 64.20, 24.20, 42.20, 24.60, 58.30, 25.20, 60.40, 25.60, 84.20, 22.60, 92.20, 24.50, "opened", "closed", "opened", "opened", "opened", "opened", "opened", "closed", 2.91, 2.12, -14.94, 3.31, -14.94, 4.02, -8.90, 2.08 
2015-9-11 23:27:5,32.82, 64.20, 24.20, 41.90, 24.60, 58.40, 25.20, 60.60, 25.60, 81.70, 22.70, 93.00, 24.50, "opened", "closed", "opened", "opened", "opened", "opened", "opened", "closed", 2.93, 2.12, -14.93, 3.32, -14.92, 4.03, -8.87, 2.08 
2015-9-11 23:32:7,33.32, 64.20, 24.20, 41.90, 24.60, 58.50, 25.30, 60.60, 25.50, 100.00, 22.70, 94.00, 24.50, "opened", "closed", "opened", "opened", "opened", "opened", "opened", "closed", 2.92, 2.12, -14.94, 3.32, -14.94, 4.02, -8.78, 2.09 
2015-9-11 23:37:7,32.75, 64.10, 24.20, 42.40, 24.60, 58.50, 25.20, 60.70, 25.50, 80.30, 22.60, 95.40, 24.40, "opened", "closed", "opened", "opened", "opened", "opened", "opened", "closed", 2.93, 2.12, -14.93, 3.32, -14.93, 4.04, -8.69, 2.08 
2015-9-11 23:42:9,32.47, 64.10, 24.20, 41.90, 24.60, 58.60, 25.20, 60.70, 25.50, 81.60, 22.60, 97.10, 24.50, "opened", "closed", "opened", "opened", "opened", "opened", "opened", "closed", 2.92, 2.12, -14.93, 3.32, -14.92, 4.02, -8.63, 2.08 
2015-9-11 23:47:9,32.52, 64.10, 24.20, 42.00, 24.50, 58.70, 25.20, 60.40, 25.50, 81.20, 22.60, 98.60, 24.40, "opened", "closed", "opened", "opened", "opened", "opened", "opened", "closed", 2.92, 2.12, -14.93, 3.31, -14.93, 4.02, -8.81, 2.08 
2015-9-11 23:52:11,33.35, 63.90, 24.20, 42.10, 24.50, 58.90, 25.20, 60.30, 25.40, 79.50, 22.60, 99.10, 24.40, "opened", "closed", "opened", "opened", "opened", "opened", "opened", "closed", 2.94, 2.13, -14.93, 3.30, -14.92, 4.02, -8.92, 2.08 
2015-9-11 23:57:11,32.54, 63.90, 24.20, 42.10, 24.50, 59.00, 25.20, 60.60, 25.30, 92.90, 22.60, 99.50, 24.40, "opened", "closed", "opened", "opened", "opened", "opened", "opened", "closed", 2.90, 2.11, -14.93, 3.30, -14.92, 4.03, -8.98, 2.08 
